This is pdfTeX, Version 3.141592653-2.6-1.40.25 (MiKTeX 24.1) (preloaded format=pdflatex 2025.10.25)  4 JAN 2026 13:59
entering extended mode
 restricted \write18 enabled.
 file:line:error style messages enabled.
 %&-line parsing enabled.
**c:/Users/saras/Desktop/thesis/Smart-9-Ball-Assistant/thesis-doc/grammarly.tex
(c:/Users/saras/Desktop/thesis/Smart-9-Ball-Assistant/thesis-doc/grammarly.tex
LaTeX2e <2023-11-01> patch level 1
L3 programming layer <2024-01-04>
(C:\Users\saras\AppData\Local\Programs\MiKTeX\tex/latex/base\article.cls
Document Class: article 2023/05/17 v1.4n Standard LaTeX document class
(C:\Users\saras\AppData\Local\Programs\MiKTeX\tex/latex/base\size10.clo
File: size10.clo 2023/05/17 v1.4n Standard LaTeX file (size option)
)
\c@part=\count187
\c@section=\count188
\c@subsection=\count189
\c@subsubsection=\count190
\c@paragraph=\count191
\c@subparagraph=\count192
\c@figure=\count193
\c@table=\count194
\abovecaptionskip=\skip48
\belowcaptionskip=\skip49
\bibindent=\dimen140
) (C:\Users\saras\AppData\Local\Programs\MiKTeX\tex/latex/base\inputenc.sty
Package: inputenc 2021/02/14 v1.3d Input encoding file
\inpenc@prehook=\toks17
\inpenc@posthook=\toks18
) (C:\Users\saras\AppData\Local\Programs\MiKTeX\tex/latex/base\fontenc.sty
Package: fontenc 2021/04/29 v2.0v Standard LaTeX package
) (C:\Users\saras\AppData\Local\Programs\MiKTeX\tex/latex/l3backend\l3backend-pdftex.def
File: l3backend-pdftex.def 2024-01-04 L3 backend support: PDF output (pdfTeX)
\l__color_backend_stack_int=\count195
\l__pdf_internal_box=\box51
) (grammarly.aux)
\openout1 = `grammarly.aux'.

LaTeX Font Info:    Checking defaults for OML/cmm/m/it on input line 11.
LaTeX Font Info:    ... okay on input line 11.
LaTeX Font Info:    Checking defaults for OMS/cmsy/m/n on input line 11.
LaTeX Font Info:    ... okay on input line 11.
LaTeX Font Info:    Checking defaults for OT1/cmr/m/n on input line 11.
LaTeX Font Info:    ... okay on input line 11.
LaTeX Font Info:    Checking defaults for T1/cmr/m/n on input line 11.
LaTeX Font Info:    ... okay on input line 11.
LaTeX Font Info:    Checking defaults for TS1/cmr/m/n on input line 11.
LaTeX Font Info:    ... okay on input line 11.
LaTeX Font Info:    Checking defaults for OMX/cmex/m/n on input line 11.
LaTeX Font Info:    ... okay on input line 11.
LaTeX Font Info:    Checking defaults for U/cmr/m/n on input line 11.
LaTeX Font Info:    ... okay on input line 11.
 (chapters/00.tex
chapters/00.tex:18: Not loaded.
\otherlanguage ...ting it}\errmessage {Not loaded}
                                                  
l.18 \begin{otherlanguage}
                          {polish}
Selecting a language requires a package supporting it

chapters/00.tex:19: Undefined control sequence.
l.19 \TitleAlt
              
The control sequence at the end of the top line
of your error message was never \def'ed. If you have
misspelled it (e.g., `\hobx'), type `I' and the correct
spelling (e.g., `I\hbox'). Otherwise just continue,
and I'll forget about whatever was undefined.

chapters/00.tex:23: Not loaded.
\otherlanguage ...ting it}\errmessage {Not loaded}
                                                  
l.23 \begin{otherlanguage}
                          {polish}
Selecting a language requires a package supporting it

chapters/00.tex:28: Not loaded.
\otherlanguage ...ting it}\errmessage {Not loaded}
                                                  
l.28 \begin{otherlanguage}
                          {polish}
Selecting a language requires a package supporting it

) (chapters/01.tex
chapters/01.tex:1: Undefined control sequence.
l.1 \chapter
            {Introduction}
The control sequence at the end of the top line
of your error message was never \def'ed. If you have
misspelled it (e.g., `\hobx'), type `I' and the correct
spelling (e.g., `I\hbox'). Otherwise just continue,
and I'll forget about whatever was undefined.

[1

{C:/Users/saras/AppData/Local/MiKTeX/fonts/map/pdftex/pdftex.map}]

LaTeX Warning: Citation `bib:ghost-ball' on page 2 undefined on input line 7.


LaTeX Warning: Citation `bib:english' on page 2 undefined on input line 9.


LaTeX Warning: Citation `bib:cv-in-sports' on page 2 undefined on input line 9.


LaTeX Warning: Citation `bib:hawk-eye' on page 2 undefined on input line 12.


LaTeX Warning: Citation `bib:calc-app' on page 2 undefined on input line 12.

LaTeX Font Info:    External font `cmex10' loaded for size
(Font)              <7> on input line 23.
LaTeX Font Info:    External font `cmex10' loaded for size
(Font)              <5> on input line 23.
[2]) (chapters/02.tex
chapters/02.tex:1: Undefined control sequence.
l.1 \chapter
            {Problem Analysis}
The control sequence at the end of the top line
of your error message was never \def'ed. If you have
misspelled it (e.g., `\hobx'), type `I' and the correct
spelling (e.g., `I\hbox'). Otherwise just continue,
and I'll forget about whatever was undefined.

[3]

LaTeX Warning: Citation `bib:ghost-ball' on page 4 undefined on input line 9.


LaTeX Warning: Citation `bib:moore' on page 4 undefined on input line 15.


LaTeX Warning: Citation `bib:moore' on page 4 undefined on input line 15.


LaTeX Warning: Citation `bib:moore' on page 4 undefined on input line 18.


LaTeX Warning: Citation `bib:sensors' on page 4 undefined on input line 22.


LaTeX Warning: Citation `bib:hawk-eye' on page 4 undefined on input line 26.

[4]

LaTeX Warning: Citation `bib:pool-live' on page 5 undefined on input line 28.


LaTeX Warning: Citation `bib:blast' on page 5 undefined on input line 30.

[5]
LaTeX Font Info:    Trying to load font information for T1+cmtt on input line 71.
 (C:\Users\saras\AppData\Local\Programs\MiKTeX\tex/latex/base\t1cmtt.fd
File: t1cmtt.fd 2023/04/13 v2.5m Standard LaTeX font definitions
)
Overfull \hbox (7.80164pt too wide) in paragraph at lines 71--72
\T1/cmr/m/n/10 The An-droid \T1/cmtt/m/n/10 TYPE_LINEAR_ACCELERATION \T1/cmr/m/n/10 sen-sor is used in-stead of \T1/cmtt/m/n/10 TYPE_ACCELE-
 []


LaTeX Warning: Citation `bib:anatomical' on page 6 undefined on input line 80.


LaTeX Warning: Citation `bib:anatomical' on page 6 undefined on input line 90.

[6]

LaTeX Warning: Citation `bib:yolo' on page 7 undefined on input line 99.


LaTeX Warning: Citation `bib:yolo12' on page 7 undefined on input line 102.


LaTeX Warning: Citation `bib:yolov8-ultralytics' on page 7 undefined on input line 111.

[7]) (chapters/03.tex
chapters/03.tex:1: Undefined control sequence.
l.1 \chapter
            {Requirements and Tools}
The control sequence at the end of the top line
of your error message was never \def'ed. If you have
misspelled it (e.g., `\hobx'), type `I' and the correct
spelling (e.g., `I\hbox'). Otherwise just continue,
and I'll forget about whatever was undefined.

[8]

chapters/03.tex:43: LaTeX Error: Unknown float option `H'.

See the LaTeX manual or LaTeX Companion for explanation.
Type  H <return>  for immediate help.
 ...                                              
                                                  
l.43 \begin{figure}[H]
                      
Option `H' ignored and `p' used.

chapters/03.tex:45: Undefined control sequence.
l.45 \includegraphics
                     [width=0.5\textwidth]{./graf/usecase.png}
The control sequence at the end of the top line
of your error message was never \def'ed. If you have
misspelled it (e.g., `\hobx'), type `I' and the correct
spelling (e.g., `I\hbox'). Otherwise just continue,
and I'll forget about whatever was undefined.

chapters/03.tex:45: Missing number, treated as zero.
<to be read again> 
                   ]
l.45 \includegraphics[width=0.5\textwidth]
                                          {./graf/usecase.png}
A number should have been here; I inserted `0'.
(If you can't figure out why I needed to see a number,
look up `weird error' in the index to The TeXbook.)

chapters/03.tex:45: Illegal unit of measure (pt inserted).
<to be read again> 
                   ]
l.45 \includegraphics[width=0.5\textwidth]
                                          {./graf/usecase.png}
Dimensions can be in units of em, ex, in, pt, pc,
cm, mm, dd, cc, nd, nc, bp, or sp; but yours is a new one!
I'll assume that you meant to say pt, for printer's points.
To recover gracefully from this error, it's best to
delete the erroneous units; e.g., type `2' to delete
two letters. (See Chapter 27 of The TeXbook.)


Overfull \hbox (17.17603pt too wide) in paragraph at lines 56--57
[]\T1/cmr/bx/n/10 UC-4 Re-view his-tory: \T1/cmr/m/n/10 The player views the saved ``hit his-tory'' (csv/images)
 []

[9]

LaTeX Warning: Citation `bib:python' on page 10 undefined on input line 71.


LaTeX Warning: Citation `bib:opencv-library' on page 10 undefined on input line 72.


LaTeX Warning: Citation `bib:yolo12' on page 10 undefined on input line 75.


LaTeX Warning: Citation `bib:yolov8-ultralytics' on page 10 undefined on input line 76.


LaTeX Warning: Citation `bib:roboflow' on page 10 undefined on input line 78.


LaTeX Warning: Citation `bib:android' on page 10 undefined on input line 79.


LaTeX Warning: Citation `bib:adb' on page 10 undefined on input line 80.


LaTeX Warning: Citation `bib:method' on page 10 undefined on input line 85.

[10]

LaTeX Warning: Citation `bib:8-pool_dataset' on page 11 undefined on input line 90.


LaTeX Warning: Citation `bib:cue-detection_dataset' on page 11 undefined on input line 90.


Overfull \hbox (6.0846pt too wide) in paragraph at lines 92--93
[]\T1/cmr/m/n/10 To strictly fol-low ma-chine learn-ing best prac-tices, the fi-nal ag-gre-gated datasets
 []


LaTeX Warning: Reference `fig:labels_ball' on page 11 undefined on input line 98.


LaTeX Warning: Reference `fig:labels_cue' on page 11 undefined on input line 102.


LaTeX Warning: Citation `bib:ghost-ball' on page 11 undefined on input line 105.


LaTeX Warning: Citation `bib:opencv-library' on page 11 undefined on input line 105.

[11]

LaTeX Warning: Citation `bib:linear' on page 12 undefined on input line 108.


Overfull \hbox (36.16156pt too wide) in paragraph at lines 108--109
\T1/cmr/m/n/10 and gy-ro-scope data. The fo-cus was on im-ple-ment-ing the \T1/cmtt/m/n/10 TYPE_LINEAR_ACCELERATION \T1/cmr/m/n/10 [[]]
 []

chapters/03.tex:114: Undefined control sequence.
l.114     \includegraphics
                          [width=0.8\textwidth]{./graf/ball-detection/labels...
The control sequence at the end of the top line
of your error message was never \def'ed. If you have
misspelled it (e.g., `\hobx'), type `I' and the correct
spelling (e.g., `I\hbox'). Otherwise just continue,
and I'll forget about whatever was undefined.

chapters/03.tex:114: Missing number, treated as zero.
<to be read again> 
                   ]
l.114     \includegraphics[width=0.8\textwidth]
                                               {./graf/ball-detection/labels...
A number should have been here; I inserted `0'.
(If you can't figure out why I needed to see a number,
look up `weird error' in the index to The TeXbook.)

chapters/03.tex:114: Illegal unit of measure (pt inserted).
<to be read again> 
                   ]
l.114     \includegraphics[width=0.8\textwidth]
                                               {./graf/ball-detection/labels...
Dimensions can be in units of em, ex, in, pt, pc,
cm, mm, dd, cc, nd, nc, bp, or sp; but yours is a new one!
I'll assume that you meant to say pt, for printer's points.
To recover gracefully from this error, it's best to
delete the erroneous units; e.g., type `2' to delete
two letters. (See Chapter 27 of The TeXbook.)

chapters/03.tex:121: Undefined control sequence.
l.121     \includegraphics
                          [width=0.8\textwidth]{./graf/cue-detection/labels ...
The control sequence at the end of the top line
of your error message was never \def'ed. If you have
misspelled it (e.g., `\hobx'), type `I' and the correct
spelling (e.g., `I\hbox'). Otherwise just continue,
and I'll forget about whatever was undefined.

chapters/03.tex:121: Missing number, treated as zero.
<to be read again> 
                   ]
l.121     \includegraphics[width=0.8\textwidth]
                                               {./graf/cue-detection/labels ...
A number should have been here; I inserted `0'.
(If you can't figure out why I needed to see a number,
look up `weird error' in the index to The TeXbook.)

chapters/03.tex:121: Illegal unit of measure (pt inserted).
<to be read again> 
                   ]
l.121     \includegraphics[width=0.8\textwidth]
                                               {./graf/cue-detection/labels ...
Dimensions can be in units of em, ex, in, pt, pc,
cm, mm, dd, cc, nd, nc, bp, or sp; but yours is a new one!
I'll assume that you meant to say pt, for printer's points.
To recover gracefully from this error, it's best to
delete the erroneous units; e.g., type `2' to delete
two letters. (See Chapter 27 of The TeXbook.)

) (chapters/04.tex
chapters/04.tex:1: Undefined control sequence.
l.1 \chapter
            {External Specification}
The control sequence at the end of the top line
of your error message was never \def'ed. If you have
misspelled it (e.g., `\hobx'), type `I' and the correct
spelling (e.g., `I\hbox'). Otherwise just continue,
and I'll forget about whatever was undefined.

[12]
chapters/04.tex:47: Undefined control sequence.
l.47         \url
                 {https://github.com/ss19190/Smart-9-Ball-Assistant}
The control sequence at the end of the top line
of your error message was never \def'ed. If you have
misspelled it (e.g., `\hobx'), type `I' and the correct
spelling (e.g., `I\hbox'). Otherwise just continue,
and I'll forget about whatever was undefined.


chapters/04.tex:51: LaTeX Error: Environment lstlisting undefined.

See the LaTeX manual or LaTeX Companion for explanation.
Type  H <return>  for immediate help.
 ...                                              
                                                  
l.51     \begin{lstlisting}
                           [language=bash]
Your command was ignored.
Type  I <command> <return>  to replace it with another command,
or  <return>  to continue without it.


chapters/04.tex:53: LaTeX Error: \begin{enumerate} on input line 43 ended by \end{lstlisting}.

See the LaTeX manual or LaTeX Companion for explanation.
Type  H <return>  for immediate help.
 ...                                              
                                                  
l.53     \end{lstlisting}
                         
Your command was ignored.
Type  I <command> <return>  to replace it with another command,
or  <return>  to continue without it.


Overfull \hbox (21.61105pt too wide) in paragraph at lines 50--54
[]\T1/cmr/m/n/10 Or via ter-mi-nal: [lan-guage=bash] git clone https://github.com/ss19190/Smart-
 []


chapters/04.tex:56: LaTeX Error: Environment lstlisting undefined.

See the LaTeX manual or LaTeX Companion for explanation.
Type  H <return>  for immediate help.
 ...                                              
                                                  
l.56     \begin{lstlisting}
                           [language=bash]
Your command was ignored.
Type  I <command> <return>  to replace it with another command,
or  <return>  to continue without it.


chapters/04.tex:58: LaTeX Error: \begin{enumerate} on input line 43 ended by \end{lstlisting}.

See the LaTeX manual or LaTeX Companion for explanation.
Type  H <return>  for immediate help.
 ...                                              
                                                  
l.58     \end{lstlisting}
                         
Your command was ignored.
Type  I <command> <return>  to replace it with another command,
or  <return>  to continue without it.

chapters/04.tex:64: Undefined control sequence.
l.64         \item Create a free account at \url
                                                {https://roboflow.com}.
The control sequence at the end of the top line
of your error message was never \def'ed. If you have
misspelled it (e.g., `\hobx'), type `I' and the correct
spelling (e.g., `I\hbox'). Otherwise just continue,
and I'll forget about whatever was undefined.


chapters/04.tex:69: LaTeX Error: Environment lstlisting undefined.

See the LaTeX manual or LaTeX Companion for explanation.
Type  H <return>  for immediate help.
 ...                                              
                                                  
l.69     \begin{lstlisting}
                           
Your command was ignored.
Type  I <command> <return>  to replace it with another command,
or  <return>  to continue without it.

chapters/04.tex:70: Missing $ inserted.
<inserted text> 
                $
l.70     API_
             KEY=your_copied_key_here
I've inserted a begin-math/end-math symbol since I think
you left one out. Proceed, with fingers crossed.


chapters/04.tex:71: LaTeX Error: \begin{enumerate} on input line 43 ended by \end{lstlisting}.

See the LaTeX manual or LaTeX Companion for explanation.
Type  H <return>  for immediate help.
 ...                                              
                                                  
l.71     \end{lstlisting}
                         
Your command was ignored.
Type  I <command> <return>  to replace it with another command,
or  <return>  to continue without it.

chapters/04.tex:71: Missing $ inserted.
<inserted text> 
                $
l.71     \end{lstlisting}
                         
I've inserted something that you may have forgotten.
(See the <inserted text> above.)
With luck, this will get me unwedged. But if you
really didn't forget anything, try typing `2' now; then
my insertion and my current dilemma will both disappear.


chapters/04.tex:74: LaTeX Error: Environment lstlisting undefined.

See the LaTeX manual or LaTeX Companion for explanation.
Type  H <return>  for immediate help.
 ...                                              
                                                  
l.74     \begin{lstlisting}
                           
Your command was ignored.
Type  I <command> <return>  to replace it with another command,
or  <return>  to continue without it.

chapters/04.tex:76: Missing $ inserted.
<inserted text> 
                $
l.76         "body_
                   weight_kg": 54,
I've inserted a begin-math/end-math symbol since I think
you left one out. Proceed, with fingers crossed.

chapters/04.tex:78: Extra }, or forgotten $.
l.78     }
          
I've deleted a group-closing symbol because it seems to be
spurious, as in `$x}$'. But perhaps the } is legitimate and
you forgot something else, as in `\hbox{$x}'. In such cases
the way to recover is to insert both the forgotten and the
deleted material, e.g., by typing `I$}'.


chapters/04.tex:79: LaTeX Error: \begin{enumerate} on input line 43 ended by \end{lstlisting}.

See the LaTeX manual or LaTeX Companion for explanation.
Type  H <return>  for immediate help.
 ...                                              
                                                  
l.79     \end{lstlisting}
                         
Your command was ignored.
Type  I <command> <return>  to replace it with another command,
or  <return>  to continue without it.

chapters/04.tex:79: Missing $ inserted.
<inserted text> 
                $
l.79     \end{lstlisting}
                         
I've inserted something that you may have forgotten.
(See the <inserted text> above.)
With luck, this will get me unwedged. But if you
really didn't forget anything, try typing `2' now; then
my insertion and my current dilemma will both disappear.

chapters/04.tex:79: Missing } inserted.
<inserted text> 
                }
l.79     \end{lstlisting}
                         
I've inserted something that you may have forgotten.
(See the <inserted text> above.)
With luck, this will get me unwedged. But if you
really didn't forget anything, try typing `2' now; then
my insertion and my current dilemma will both disappear.

[13]

chapters/04.tex:92: LaTeX Error: Environment lstlisting undefined.

See the LaTeX manual or LaTeX Companion for explanation.
Type  H <return>  for immediate help.
 ...                                              
                                                  
l.92     \begin{lstlisting}
                           [language=bash]
Your command was ignored.
Type  I <command> <return>  to replace it with another command,
or  <return>  to continue without it.


chapters/04.tex:94: LaTeX Error: \begin{enumerate} on input line 84 ended by \end{lstlisting}.

See the LaTeX manual or LaTeX Companion for explanation.
Type  H <return>  for immediate help.
 ...                                              
                                                  
l.94     \end{lstlisting}
                         
Your command was ignored.
Type  I <command> <return>  to replace it with another command,
or  <return>  to continue without it.


chapters/04.tex:105: LaTeX Error: Environment lstlisting undefined.

See the LaTeX manual or LaTeX Companion for explanation.
Type  H <return>  for immediate help.
 ...                                              
                                                  
l.105     \begin{lstlisting}
                            [language=bash]
Your command was ignored.
Type  I <command> <return>  to replace it with another command,
or  <return>  to continue without it.


chapters/04.tex:107: LaTeX Error: \begin{enumerate} on input line 102 ended by \end{lstlisting}.

See the LaTeX manual or LaTeX Companion for explanation.
Type  H <return>  for immediate help.
 ...                                              
                                                  
l.107     \end{lstlisting}
                          
Your command was ignored.
Type  I <command> <return>  to replace it with another command,
or  <return>  to continue without it.


chapters/04.tex:109: LaTeX Error: Environment lstlisting undefined.

See the LaTeX manual or LaTeX Companion for explanation.
Type  H <return>  for immediate help.
 ...                                              
                                                  
l.109     \begin{lstlisting}
                            [language=bash]
Your command was ignored.
Type  I <command> <return>  to replace it with another command,
or  <return>  to continue without it.


chapters/04.tex:111: LaTeX Error: \begin{enumerate} on input line 102 ended by \end{lstlisting}.

See the LaTeX manual or LaTeX Companion for explanation.
Type  H <return>  for immediate help.
 ...                                              
                                                  
l.111     \end{lstlisting}
                          
Your command was ignored.
Type  I <command> <return>  to replace it with another command,
or  <return>  to continue without it.


Overfull \hbox (1.52013pt too wide) in paragraph at lines 108--112
[]\T1/cmr/bx/n/10 Start the Sen-sor Server: \T1/cmr/m/n/10 Run the script re-spon-si-ble for han-dling teleme-
 []


chapters/04.tex:113: LaTeX Error: Environment lstlisting undefined.

See the LaTeX manual or LaTeX Companion for explanation.
Type  H <return>  for immediate help.
 ...                                              
                                                  
l.113     \begin{lstlisting}
                            [language=bash]
Your command was ignored.
Type  I <command> <return>  to replace it with another command,
or  <return>  to continue without it.


chapters/04.tex:115: LaTeX Error: \begin{enumerate} on input line 102 ended by \end{lstlisting}.

See the LaTeX manual or LaTeX Companion for explanation.
Type  H <return>  for immediate help.
 ...                                              
                                                  
l.115     \end{lstlisting}
                          
Your command was ignored.
Type  I <command> <return>  to replace it with another command,
or  <return>  to continue without it.

[14] [15]

LaTeX Warning: Reference `fig:scenario_a_full' on page 16 undefined on input line 185.


chapters/04.tex:193: LaTeX Error: Unknown float option `H'.

See the LaTeX manual or LaTeX Companion for explanation.
Type  H <return>  for immediate help.
 ...                                              
                                                  
l.193 \begin{figure}[H]
                       
Option `H' ignored and `p' used.


chapters/04.tex:196: LaTeX Error: Environment subfigure undefined.

See the LaTeX manual or LaTeX Companion for explanation.
Type  H <return>  for immediate help.
 ...                                              
                                                  
l.196     \begin{subfigure}
                           [b]{0.8\textwidth}
Your command was ignored.
Type  I <command> <return>  to replace it with another command,
or  <return>  to continue without it.

chapters/04.tex:196: Missing number, treated as zero.
<to be read again> 
                   }
l.196     \begin{subfigure}[b]{0.8\textwidth}
                                             
A number should have been here; I inserted `0'.
(If you can't figure out why I needed to see a number,
look up `weird error' in the index to The TeXbook.)

chapters/04.tex:196: Illegal unit of measure (pt inserted).
<to be read again> 
                   }
l.196     \begin{subfigure}[b]{0.8\textwidth}
                                             
Dimensions can be in units of em, ex, in, pt, pc,
cm, mm, dd, cc, nd, nc, bp, or sp; but yours is a new one!
I'll assume that you meant to say pt, for printer's points.
To recover gracefully from this error, it's best to
delete the erroneous units; e.g., type `2' to delete
two letters. (See Chapter 27 of The TeXbook.)

chapters/04.tex:198: Undefined control sequence.
l.198         \includegraphics
                              [width=\linewidth]{./graf/example.png}
The control sequence at the end of the top line
of your error message was never \def'ed. If you have
misspelled it (e.g., `\hobx'), type `I' and the correct
spelling (e.g., `I\hbox'). Otherwise just continue,
and I'll forget about whatever was undefined.

chapters/04.tex:198: Missing number, treated as zero.
<to be read again> 
                   ]
l.198         \includegraphics[width=\linewidth]
                                                {./graf/example.png}
A number should have been here; I inserted `0'.
(If you can't figure out why I needed to see a number,
look up `weird error' in the index to The TeXbook.)

chapters/04.tex:198: Illegal unit of measure (pt inserted).
<to be read again> 
                   ]
l.198         \includegraphics[width=\linewidth]
                                                {./graf/example.png}
Dimensions can be in units of em, ex, in, pt, pc,
cm, mm, dd, cc, nd, nc, bp, or sp; but yours is a new one!
I'll assume that you meant to say pt, for printer's points.
To recover gracefully from this error, it's best to
delete the erroneous units; e.g., type `2' to delete
two letters. (See Chapter 27 of The TeXbook.)


chapters/04.tex:201: LaTeX Error: \begin{figure} on input line 193 ended by \end{subfigure}.

See the LaTeX manual or LaTeX Companion for explanation.
Type  H <return>  for immediate help.
 ...                                              
                                                  
l.201     \end{subfigure}
                         
Your command was ignored.
Type  I <command> <return>  to replace it with another command,
or  <return>  to continue without it.


chapters/04.tex:206: LaTeX Error: Environment subfigure undefined.

See the LaTeX manual or LaTeX Companion for explanation.
Type  H <return>  for immediate help.
 ...                                              
                                                  
l.206     \begin{subfigure}
                           [b]{0.8\textwidth}
Your command was ignored.
Type  I <command> <return>  to replace it with another command,
or  <return>  to continue without it.

chapters/04.tex:206: Missing number, treated as zero.
<to be read again> 
                   }
l.206     \begin{subfigure}[b]{0.8\textwidth}
                                             
A number should have been here; I inserted `0'.
(If you can't figure out why I needed to see a number,
look up `weird error' in the index to The TeXbook.)

chapters/04.tex:206: Illegal unit of measure (pt inserted).
<to be read again> 
                   }
l.206     \begin{subfigure}[b]{0.8\textwidth}
                                             
Dimensions can be in units of em, ex, in, pt, pc,
cm, mm, dd, cc, nd, nc, bp, or sp; but yours is a new one!
I'll assume that you meant to say pt, for printer's points.
To recover gracefully from this error, it's best to
delete the erroneous units; e.g., type `2' to delete
two letters. (See Chapter 27 of The TeXbook.)

chapters/04.tex:208: Undefined control sequence.
l.208         \includegraphics
                              [width=\linewidth]{./graf/example2.png}
The control sequence at the end of the top line
of your error message was never \def'ed. If you have
misspelled it (e.g., `\hobx'), type `I' and the correct
spelling (e.g., `I\hbox'). Otherwise just continue,
and I'll forget about whatever was undefined.

chapters/04.tex:208: Missing number, treated as zero.
<to be read again> 
                   ]
l.208         \includegraphics[width=\linewidth]
                                                {./graf/example2.png}
A number should have been here; I inserted `0'.
(If you can't figure out why I needed to see a number,
look up `weird error' in the index to The TeXbook.)

chapters/04.tex:208: Illegal unit of measure (pt inserted).
<to be read again> 
                   ]
l.208         \includegraphics[width=\linewidth]
                                                {./graf/example2.png}
Dimensions can be in units of em, ex, in, pt, pc,
cm, mm, dd, cc, nd, nc, bp, or sp; but yours is a new one!
I'll assume that you meant to say pt, for printer's points.
To recover gracefully from this error, it's best to
delete the erroneous units; e.g., type `2' to delete
two letters. (See Chapter 27 of The TeXbook.)


chapters/04.tex:211: LaTeX Error: \begin{figure} on input line 193 ended by \end{subfigure}.

See the LaTeX manual or LaTeX Companion for explanation.
Type  H <return>  for immediate help.
 ...                                              
                                                  
l.211     \end{subfigure}
                         
Your command was ignored.
Type  I <command> <return>  to replace it with another command,
or  <return>  to continue without it.


LaTeX Warning: Reference `fig:scenario_b_full' on page 16 undefined on input line 219.

[16] [17]

chapters/04.tex:227: LaTeX Error: Unknown float option `H'.

See the LaTeX manual or LaTeX Companion for explanation.
Type  H <return>  for immediate help.
 ...                                              
                                                  
l.227 \begin{figure}[H]
                       
Option `H' ignored and `p' used.


chapters/04.tex:230: LaTeX Error: Environment subfigure undefined.

See the LaTeX manual or LaTeX Companion for explanation.
Type  H <return>  for immediate help.
 ...                                              
                                                  
l.230     \begin{subfigure}
                           [b]{0.48\textwidth}
Your command was ignored.
Type  I <command> <return>  to replace it with another command,
or  <return>  to continue without it.

chapters/04.tex:230: Missing number, treated as zero.
<to be read again> 
                   }
l.230     \begin{subfigure}[b]{0.48\textwidth}
                                              
A number should have been here; I inserted `0'.
(If you can't figure out why I needed to see a number,
look up `weird error' in the index to The TeXbook.)

chapters/04.tex:230: Illegal unit of measure (pt inserted).
<to be read again> 
                   }
l.230     \begin{subfigure}[b]{0.48\textwidth}
                                              
Dimensions can be in units of em, ex, in, pt, pc,
cm, mm, dd, cc, nd, nc, bp, or sp; but yours is a new one!
I'll assume that you meant to say pt, for printer's points.
To recover gracefully from this error, it's best to
delete the erroneous units; e.g., type `2' to delete
two letters. (See Chapter 27 of The TeXbook.)

chapters/04.tex:232: Undefined control sequence.
l.232         \includegraphics
                              [width=\linewidth]{./graf/sensorExample.png}
The control sequence at the end of the top line
of your error message was never \def'ed. If you have
misspelled it (e.g., `\hobx'), type `I' and the correct
spelling (e.g., `I\hbox'). Otherwise just continue,
and I'll forget about whatever was undefined.

chapters/04.tex:232: Missing number, treated as zero.
<to be read again> 
                   ]
l.232         \includegraphics[width=\linewidth]
                                                {./graf/sensorExample.png}
A number should have been here; I inserted `0'.
(If you can't figure out why I needed to see a number,
look up `weird error' in the index to The TeXbook.)

chapters/04.tex:232: Illegal unit of measure (pt inserted).
<to be read again> 
                   ]
l.232         \includegraphics[width=\linewidth]
                                                {./graf/sensorExample.png}
Dimensions can be in units of em, ex, in, pt, pc,
cm, mm, dd, cc, nd, nc, bp, or sp; but yours is a new one!
I'll assume that you meant to say pt, for printer's points.
To recover gracefully from this error, it's best to
delete the erroneous units; e.g., type `2' to delete
two letters. (See Chapter 27 of The TeXbook.)


chapters/04.tex:235: LaTeX Error: \begin{figure} on input line 227 ended by \end{subfigure}.

See the LaTeX manual or LaTeX Companion for explanation.
Type  H <return>  for immediate help.
 ...                                              
                                                  
l.235     \end{subfigure}
                         
Your command was ignored.
Type  I <command> <return>  to replace it with another command,
or  <return>  to continue without it.


chapters/04.tex:237: LaTeX Error: Environment subfigure undefined.

See the LaTeX manual or LaTeX Companion for explanation.
Type  H <return>  for immediate help.
 ...                                              
                                                  
l.237     \begin{subfigure}
                           [b]{0.48\textwidth}
Your command was ignored.
Type  I <command> <return>  to replace it with another command,
or  <return>  to continue without it.

chapters/04.tex:237: Missing number, treated as zero.
<to be read again> 
                   }
l.237     \begin{subfigure}[b]{0.48\textwidth}
                                              
A number should have been here; I inserted `0'.
(If you can't figure out why I needed to see a number,
look up `weird error' in the index to The TeXbook.)

chapters/04.tex:237: Illegal unit of measure (pt inserted).
<to be read again> 
                   }
l.237     \begin{subfigure}[b]{0.48\textwidth}
                                              
Dimensions can be in units of em, ex, in, pt, pc,
cm, mm, dd, cc, nd, nc, bp, or sp; but yours is a new one!
I'll assume that you meant to say pt, for printer's points.
To recover gracefully from this error, it's best to
delete the erroneous units; e.g., type `2' to delete
two letters. (See Chapter 27 of The TeXbook.)

chapters/04.tex:239: Undefined control sequence.
l.239         \includegraphics
                              [width=\linewidth]{./graf/strokeExample.png}
The control sequence at the end of the top line
of your error message was never \def'ed. If you have
misspelled it (e.g., `\hobx'), type `I' and the correct
spelling (e.g., `I\hbox'). Otherwise just continue,
and I'll forget about whatever was undefined.

chapters/04.tex:239: Missing number, treated as zero.
<to be read again> 
                   ]
l.239         \includegraphics[width=\linewidth]
                                                {./graf/strokeExample.png}
A number should have been here; I inserted `0'.
(If you can't figure out why I needed to see a number,
look up `weird error' in the index to The TeXbook.)

chapters/04.tex:239: Illegal unit of measure (pt inserted).
<to be read again> 
                   ]
l.239         \includegraphics[width=\linewidth]
                                                {./graf/strokeExample.png}
Dimensions can be in units of em, ex, in, pt, pc,
cm, mm, dd, cc, nd, nc, bp, or sp; but yours is a new one!
I'll assume that you meant to say pt, for printer's points.
To recover gracefully from this error, it's best to
delete the erroneous units; e.g., type `2' to delete
two letters. (See Chapter 27 of The TeXbook.)


chapters/04.tex:242: LaTeX Error: \begin{figure} on input line 227 ended by \end{subfigure}.

See the LaTeX manual or LaTeX Companion for explanation.
Type  H <return>  for immediate help.
 ...                                              
                                                  
l.242     \end{subfigure}
                         
Your command was ignored.
Type  I <command> <return>  to replace it with another command,
or  <return>  to continue without it.


chapters/04.tex:247: LaTeX Error: Environment subfigure undefined.

See the LaTeX manual or LaTeX Companion for explanation.
Type  H <return>  for immediate help.
 ...                                              
                                                  
l.247     \begin{subfigure}
                           [b]{0.48\textwidth}
Your command was ignored.
Type  I <command> <return>  to replace it with another command,
or  <return>  to continue without it.

chapters/04.tex:247: Missing number, treated as zero.
<to be read again> 
                   }
l.247     \begin{subfigure}[b]{0.48\textwidth}
                                              
A number should have been here; I inserted `0'.
(If you can't figure out why I needed to see a number,
look up `weird error' in the index to The TeXbook.)

chapters/04.tex:247: Illegal unit of measure (pt inserted).
<to be read again> 
                   }
l.247     \begin{subfigure}[b]{0.48\textwidth}
                                              
Dimensions can be in units of em, ex, in, pt, pc,
cm, mm, dd, cc, nd, nc, bp, or sp; but yours is a new one!
I'll assume that you meant to say pt, for printer's points.
To recover gracefully from this error, it's best to
delete the erroneous units; e.g., type `2' to delete
two letters. (See Chapter 27 of The TeXbook.)

chapters/04.tex:249: Undefined control sequence.
l.249         \includegraphics
                              [height=5.5cm]{./graf/phone1.png}
The control sequence at the end of the top line
of your error message was never \def'ed. If you have
misspelled it (e.g., `\hobx'), type `I' and the correct
spelling (e.g., `I\hbox'). Otherwise just continue,
and I'll forget about whatever was undefined.


chapters/04.tex:252: LaTeX Error: \begin{figure} on input line 227 ended by \end{subfigure}.

See the LaTeX manual or LaTeX Companion for explanation.
Type  H <return>  for immediate help.
 ...                                              
                                                  
l.252     \end{subfigure}
                         
Your command was ignored.
Type  I <command> <return>  to replace it with another command,
or  <return>  to continue without it.


chapters/04.tex:254: LaTeX Error: Environment subfigure undefined.

See the LaTeX manual or LaTeX Companion for explanation.
Type  H <return>  for immediate help.
 ...                                              
                                                  
l.254     \begin{subfigure}
                           [b]{0.48\textwidth}
Your command was ignored.
Type  I <command> <return>  to replace it with another command,
or  <return>  to continue without it.

chapters/04.tex:254: Missing number, treated as zero.
<to be read again> 
                   }
l.254     \begin{subfigure}[b]{0.48\textwidth}
                                              
A number should have been here; I inserted `0'.
(If you can't figure out why I needed to see a number,
look up `weird error' in the index to The TeXbook.)

chapters/04.tex:254: Illegal unit of measure (pt inserted).
<to be read again> 
                   }
l.254     \begin{subfigure}[b]{0.48\textwidth}
                                              
Dimensions can be in units of em, ex, in, pt, pc,
cm, mm, dd, cc, nd, nc, bp, or sp; but yours is a new one!
I'll assume that you meant to say pt, for printer's points.
To recover gracefully from this error, it's best to
delete the erroneous units; e.g., type `2' to delete
two letters. (See Chapter 27 of The TeXbook.)

chapters/04.tex:256: Undefined control sequence.
l.256         \includegraphics
                              [height=5.5cm]{./graf/phone2.png}
The control sequence at the end of the top line
of your error message was never \def'ed. If you have
misspelled it (e.g., `\hobx'), type `I' and the correct
spelling (e.g., `I\hbox'). Otherwise just continue,
and I'll forget about whatever was undefined.


chapters/04.tex:259: LaTeX Error: \begin{figure} on input line 227 ended by \end{subfigure}.

See the LaTeX manual or LaTeX Companion for explanation.
Type  H <return>  for immediate help.
 ...                                              
                                                  
l.259     \end{subfigure}
                         
Your command was ignored.
Type  I <command> <return>  to replace it with another command,
or  <return>  to continue without it.

) (chapters/05.tex
chapters/05.tex:1: Undefined control sequence.
l.1 \chapter
            {Internal Specification}
The control sequence at the end of the top line
of your error message was never \def'ed. If you have
misspelled it (e.g., `\hobx'), type `I' and the correct
spelling (e.g., `I\hbox'). Otherwise just continue,
and I'll forget about whatever was undefined.


LaTeX Warning: Reference `fig:sys_arch' on page 18 undefined on input line 14.


chapters/05.tex:16: LaTeX Error: Unknown float option `H'.

See the LaTeX manual or LaTeX Companion for explanation.
Type  H <return>  for immediate help.
 ...                                              
                                                  
l.16 \begin{figure}[H]
                      
Option `H' ignored and `p' used.

chapters/05.tex:19: Undefined control sequence.
l.19     \includegraphics
                         [width=0.9\textwidth]{./graf/arch.png}
The control sequence at the end of the top line
of your error message was never \def'ed. If you have
misspelled it (e.g., `\hobx'), type `I' and the correct
spelling (e.g., `I\hbox'). Otherwise just continue,
and I'll forget about whatever was undefined.

chapters/05.tex:19: Missing number, treated as zero.
<to be read again> 
                   ]
l.19     \includegraphics[width=0.9\textwidth]
                                              {./graf/arch.png}
A number should have been here; I inserted `0'.
(If you can't figure out why I needed to see a number,
look up `weird error' in the index to The TeXbook.)

chapters/05.tex:19: Illegal unit of measure (pt inserted).
<to be read again> 
                   ]
l.19     \includegraphics[width=0.9\textwidth]
                                              {./graf/arch.png}
Dimensions can be in units of em, ex, in, pt, pc,
cm, mm, dd, cc, nd, nc, bp, or sp; but yours is a new one!
I'll assume that you meant to say pt, for printer's points.
To recover gracefully from this error, it's best to
delete the erroneous units; e.g., type `2' to delete
two letters. (See Chapter 27 of The TeXbook.)

LaTeX Font Info:    Font shape `T1/cmtt/bx/n' in size <10> not available
(Font)              Font shape `T1/cmtt/m/n' tried instead on input line 26.

Overfull \hbox (2.41158pt too wide) in paragraph at lines 26--27
[]\T1/cmr/bx/n/10 Vision Pro-cess (\T1/cmtt/m/n/10 bilard.py\T1/cmr/bx/n/10 ): \T1/cmr/m/n/10 It uti-lizes the \T1/cmtt/m/n/10 inference \T1/cmr/m/n/10 and \T1/cmtt/m/n/10 supervision
 []

[18]

LaTeX Warning: Reference `fig:code:json_payload' on page 19 undefined on input line 33.


chapters/05.tex:37: LaTeX Error: Environment lstlisting undefined.

See the LaTeX manual or LaTeX Companion for explanation.
Type  H <return>  for immediate help.
 ...                                              
                                                  
l.37 \begin{lstlisting}
                       [
Your command was ignored.
Type  I <command> <return>  to replace it with another command,
or  <return>  to continue without it.

chapters/05.tex:45: Missing $ inserted.
<inserted text> 
                $
l.45     "{\"acc_
                 x\": %.4f, \"acc_y\": %.4f, \"acc_z\": %.4f, " +
I've inserted a begin-math/end-math symbol since I think
you left one out. Proceed, with fingers crossed.

LaTeX Font Info:    External font `cmex10' loaded for size
(Font)              <9> on input line 45.
LaTeX Font Info:    External font `cmex10' loaded for size
(Font)              <6> on input line 45.

LaTeX Warning: Command \" invalid in math mode on input line 45.

chapters/05.tex:45: Please use \mathaccent for accents in math mode.
\add@accent ... \let \ignorespaces \relax \accent 
                                                  #1 #2\egroup \ifmmode \els...
l.45     "{\"acc_x\":
                      %.4f, \"acc_y\": %.4f, \"acc_z\": %.4f, " +
I'm changing \accent to \mathaccent here; wish me luck.
(Accents are not the same in formulas as they are in text.)


LaTeX Warning: Command \" invalid in math mode on input line 46.

chapters/05.tex:46: Please use \mathaccent for accents in math mode.
\add@accent ... \let \ignorespaces \relax \accent 
                                                  #1 #2\egroup \ifmmode \els...
l.46     "\"g
             yro_x\": %.4f, \"gyro_y\": %.4f, \"gyro_z\": %.4f}",
I'm changing \accent to \mathaccent here; wish me luck.
(Accents are not the same in formulas as they are in text.)


LaTeX Warning: Command \" invalid in math mode on input line 46.

chapters/05.tex:46: Please use \mathaccent for accents in math mode.
\add@accent ... \let \ignorespaces \relax \accent 
                                                  #1 #2\egroup \ifmmode \els...
l.46     "\"gyro_x\":
                      %.4f, \"gyro_y\": %.4f, \"gyro_z\": %.4f}",
I'm changing \accent to \mathaccent here; wish me luck.
(Accents are not the same in formulas as they are in text.)


chapters/05.tex:48: LaTeX Error: \begin{figure} on input line 35 ended by \end{lstlisting}.

See the LaTeX manual or LaTeX Companion for explanation.
Type  H <return>  for immediate help.
 ...                                              
                                                  
l.48 \end{lstlisting}
                     
Your command was ignored.
Type  I <command> <return>  to replace it with another command,
or  <return>  to continue without it.

chapters/05.tex:48: Missing $ inserted.
<inserted text> 
                $
l.48 \end{lstlisting}
                     
I've inserted something that you may have forgotten.
(See the <inserted text> above.)
With luck, this will get me unwedged. But if you
really didn't forget anything, try typing `2' now; then
my insertion and my current dilemma will both disappear.

chapters/05.tex:48: Missing } inserted.
<inserted text> 
                }
l.48 \end{lstlisting}
                     
I've inserted something that you may have forgotten.
(See the <inserted text> above.)
With luck, this will get me unwedged. But if you
really didn't forget anything, try typing `2' now; then
my insertion and my current dilemma will both disappear.


LaTeX Warning: Reference `fig:code:vectors' on page 19 undefined on input line 54.


chapters/05.tex:58: LaTeX Error: Environment lstlisting undefined.

See the LaTeX manual or LaTeX Companion for explanation.
Type  H <return>  for immediate help.
 ...                                              
                                                  
l.58 \begin{lstlisting}
                       [
Your command was ignored.
Type  I <command> <return>  to replace it with another command,
or  <return>  to continue without it.

chapters/05.tex:64: You can't use `macro parameter character #' in horizontal mode.
l.64 #
       Position representation in bilard.py
Sorry, but I'm not programmed to handle this case;
I'll just pretend that you didn't ask for it.
If you're in the wrong mode, you might be able to
return to the right one by typing `I}' or `I$' or `I\par'.

chapters/05.tex:65: Missing $ inserted.
<inserted text> 
                $
l.65 cue_
         ball_center = np.array([x, y], dtype=np.float32)
I've inserted a begin-math/end-math symbol since I think
you left one out. Proceed, with fingers crossed.


chapters/05.tex:67: LaTeX Error: \begin{figure} on input line 56 ended by \end{lstlisting}.

See the LaTeX manual or LaTeX Companion for explanation.
Type  H <return>  for immediate help.
 ...                                              
                                                  
l.67 \end{lstlisting}
                     
Your command was ignored.
Type  I <command> <return>  to replace it with another command,
or  <return>  to continue without it.

chapters/05.tex:67: Missing $ inserted.
<inserted text> 
                $
l.67 \end{lstlisting}
                     
I've inserted something that you may have forgotten.
(See the <inserted text> above.)
With luck, this will get me unwedged. But if you
really didn't forget anything, try typing `2' now; then
my insertion and my current dilemma will both disappear.


LaTeX Warning: Reference `fig:code:android_sensor' on page 19 undefined on input line 75.


chapters/05.tex:77: LaTeX Error: Unknown float option `H'.

See the LaTeX manual or LaTeX Companion for explanation.
Type  H <return>  for immediate help.
 ...                                              
                                                  
l.77 \begin{figure}[H]
                      
Option `H' ignored and `p' used.


chapters/05.tex:79: LaTeX Error: Environment lstlisting undefined.

See the LaTeX manual or LaTeX Companion for explanation.
Type  H <return>  for immediate help.
 ...                                              
                                                  
l.79 \begin{lstlisting}
                       [
Your command was ignored.
Type  I <command> <return>  to replace it with another command,
or  <return>  to continue without it.

chapters/05.tex:87: Missing $ inserted.
<inserted text> 
                $
l.87     Sensor.TYPE_
                     LINEAR_ACCELERATION
I've inserted a begin-math/end-math symbol since I think
you left one out. Proceed, with fingers crossed.


chapters/05.tex:89: LaTeX Error: \begin{figure} on input line 77 ended by \end{lstlisting}.

See the LaTeX manual or LaTeX Companion for explanation.
Type  H <return>  for immediate help.
 ...                                              
                                                  
l.89 \end{lstlisting}
                     
Your command was ignored.
Type  I <command> <return>  to replace it with another command,
or  <return>  to continue without it.

chapters/05.tex:89: Missing $ inserted.
<inserted text> 
                $
l.89 \end{lstlisting}
                     
I've inserted something that you may have forgotten.
(See the <inserted text> above.)
With luck, this will get me unwedged. But if you
really didn't forget anything, try typing `2' now; then
my insertion and my current dilemma will both disappear.

chapters/05.tex:98: Undefined control sequence.
l.98 ...eric object detection model (version \path
                                                  {ball-detection-bzirz/3}) ...
The control sequence at the end of the top line
of your error message was never \def'ed. If you have
misspelled it (e.g., `\hobx'), type `I' and the correct
spelling (e.g., `I\hbox'). Otherwise just continue,
and I'll forget about whatever was undefined.


LaTeX Warning: Citation `bib:yolo12' on page 19 undefined on input line 98.


Overfull \hbox (0.52483pt too wide) in paragraph at lines 98--100
[]\T1/cmr/bx/n/10 Ball De-tec-tion: \T1/cmr/m/n/10 A generic ob-ject de-tec-tion model (ver-sion ball-detection-
 []


LaTeX Warning: Citation `bib:yolov8-ultralytics' on page 19 undefined on input line 100.


LaTeX Warning: Citation `bib:unified_dl' on page 19 undefined on input line 101.


Overfull \hbox (16.77086pt too wide) in paragraph at lines 100--102
[]\T1/cmr/bx/n/10 Cue De-tec-tion: \T1/cmr/m/n/10 A pose es-ti-ma-tion model (ver-sion \T1/cmtt/m/n/10 cue-detection-ciazj/3\T1/cmr/m/n/10 )
 []

[19] [20]
chapters/05.tex:107: Undefined control sequence.
l.107 ...texttt{NumPy} library. The function \path
                                                  {find_ghost_ball_position}...
The control sequence at the end of the top line
of your error message was never \def'ed. If you have
misspelled it (e.g., `\hobx'), type `I' and the correct
spelling (e.g., `I\hbox'). Otherwise just continue,
and I'll forget about whatever was undefined.

chapters/05.tex:107: Missing $ inserted.
<inserted text> 
                $
l.107 ...{NumPy} library. The function \path{find_
                                                  ghost_ball_position} calcu...
I've inserted a begin-math/end-math symbol since I think
you left one out. Proceed, with fingers crossed.

chapters/05.tex:107: Extra }, or forgotten $.
l.107 ... function \path{find_ghost_ball_position}
                                                   calculates the projection...
I've deleted a group-closing symbol because it seems to be
spurious, as in `$x}$'. But perhaps the } is legitimate and
you forgot something else, as in `\hbox{$x}'. In such cases
the way to recover is to insert both the forgotten and the
deleted material, e.g., by typing `I$}'.


LaTeX Warning: Reference `fig:code:ghost_ball' on page 21 undefined on input line 107.

chapters/05.tex:108: Missing $ inserted.
<inserted text> 
                $
l.108 
      
I've inserted a begin-math/end-math symbol since I think
you left one out. Proceed, with fingers crossed.


Overfull \hbox (257.24315pt too wide) in paragraph at lines 107--108
\T1/cmr/m/n/10 find$[]\OML/cmm/m/it/10 host[]all[]ositioncalculatestheprojectionvectorandvalidatestheperpendiculardistancetorenderthevisualaid; aspresentedinFigure []:$ 
 []


chapters/05.tex:109: LaTeX Error: Unknown float option `H'.

See the LaTeX manual or LaTeX Companion for explanation.
Type  H <return>  for immediate help.
 ...                                              
                                                  
l.109 \begin{figure}[H]
                       
Option `H' ignored and `p' used.


chapters/05.tex:111: LaTeX Error: Environment lstlisting undefined.

See the LaTeX manual or LaTeX Companion for explanation.
Type  H <return>  for immediate help.
 ...                                              
                                                  
l.111 \begin{lstlisting}
                        [
Your command was ignored.
Type  I <command> <return>  to replace it with another command,
or  <return>  to continue without it.

chapters/05.tex:117: Missing $ inserted.
<inserted text> 
                $
l.117 def find_
               ghost_ball_position(cue_ball_pos, aim_vector, target_ball_pos):
I've inserted a begin-math/end-math symbol since I think
you left one out. Proceed, with fingers crossed.

LaTeX Font Info:    External font `cmex10' loaded for size
(Font)              <8> on input line 117.
chapters/05.tex:120: Missing $ inserted.
<inserted text> 
                $
l.120 
      
I've inserted a begin-math/end-math symbol since I think
you left one out. Proceed, with fingers crossed.

chapters/05.tex:121: You can't use `macro parameter character #' in internal vertical mode.
l.121     #
            Calculating the closest point on the shot line
Sorry, but I'm not programmed to handle this case;
I'll just pretend that you didn't ask for it.
If you're in the wrong mode, you might be able to
return to the right one by typing `I}' or `I$' or `I\par'.

chapters/05.tex:122: Missing $ inserted.
<inserted text> 
                $
l.122     closest_
                  point = cue_ball_pos + aim_vector * projection_length
I've inserted a begin-math/end-math symbol since I think
you left one out. Proceed, with fingers crossed.

chapters/05.tex:124: Missing $ inserted.
<inserted text> 
                $
l.124 
      
I've inserted a begin-math/end-math symbol since I think
you left one out. Proceed, with fingers crossed.

chapters/05.tex:125: You can't use `macro parameter character #' in internal vertical mode.
l.125     #
            Correction for ball radius (backward offset)
Sorry, but I'm not programmed to handle this case;
I'll just pretend that you didn't ask for it.
If you're in the wrong mode, you might be able to
return to the right one by typing `I}' or `I$' or `I\par'.

chapters/05.tex:126: Missing $ inserted.
<inserted text> 
                $
l.126     if perp_
                  dist < BALL_DIAMETER_PX:
I've inserted a begin-math/end-math symbol since I think
you left one out. Proceed, with fingers crossed.


chapters/05.tex:130: LaTeX Error: \begin{figure} on input line 109 ended by \end{lstlisting}.

See the LaTeX manual or LaTeX Companion for explanation.
Type  H <return>  for immediate help.
 ...                                              
                                                  
l.130 \end{lstlisting}
                      
Your command was ignored.
Type  I <command> <return>  to replace it with another command,
or  <return>  to continue without it.

chapters/05.tex:130: Missing $ inserted.
<inserted text> 
                $
l.130 \end{lstlisting}
                      
I've inserted something that you may have forgotten.
(See the <inserted text> above.)
With luck, this will get me unwedged. But if you
really didn't forget anything, try typing `2' now; then
my insertion and my current dilemma will both disappear.


LaTeX Warning: Reference `fig:code:threading' on page 21 undefined on input line 144.


chapters/05.tex:148: LaTeX Error: Environment lstlisting undefined.

See the LaTeX manual or LaTeX Companion for explanation.
Type  H <return>  for immediate help.
 ...                                              
                                                  
l.148 \begin{lstlisting}
                        [
Your command was ignored.
Type  I <command> <return>  to replace it with another command,
or  <return>  to continue without it.

chapters/05.tex:154: You can't use `macro parameter character #' in horizontal mode.
l.154 #
        sensors.py - Threading implementation
Sorry, but I'm not programmed to handle this case;
I'll just pretend that you didn't ask for it.
If you're in the wrong mode, you might be able to
return to the right one by typing `I}' or `I$' or `I\par'.

chapters/05.tex:155: Missing $ inserted.
<inserted text> 
                $
l.155 threading.Thread(target=tcp_
                                  server_thread, daemon=True).start()
I've inserted a begin-math/end-math symbol since I think
you left one out. Proceed, with fingers crossed.

chapters/05.tex:156: Missing $ inserted.
<inserted text> 
                $
l.156 
      
I've inserted a begin-math/end-math symbol since I think
you left one out. Proceed, with fingers crossed.

chapters/05.tex:158: You can't use `macro parameter character #' in horizontal mode.
l.158     #
            Main GUI Loop (OpenCV)
Sorry, but I'm not programmed to handle this case;
I'll just pretend that you didn't ask for it.
If you're in the wrong mode, you might be able to
return to the right one by typing `I}' or `I$' or `I\par'.

chapters/05.tex:160: Misplaced alignment tab character &.
l.160     if cv2.waitKey(20) &
                               0xFF == ord('q'): break
I can't figure out why you would want to use a tab mark
here. If you just want an ampersand, the remedy is
simple: Just type `I\&' now. But if some right brace
up above has ended a previous alignment prematurely,
you're probably due for more error messages, and you
might try typing `S' now just to see what is salvageable.


chapters/05.tex:161: LaTeX Error: \begin{figure} on input line 146 ended by \end{lstlisting}.

See the LaTeX manual or LaTeX Companion for explanation.
Type  H <return>  for immediate help.
 ...                                              
                                                  
l.161 \end{lstlisting}
                      
Your command was ignored.
Type  I <command> <return>  to replace it with another command,
or  <return>  to continue without it.


LaTeX Warning: Citation `bib:patterns' on page 21 undefined on input line 171.


Overfull \hbox (35.491pt too wide) in paragraph at lines 171--172
[]\T1/cmr/bx/n/10 Listener Pat-tern (An-droid): \T1/cmr/m/n/10 The im-ple-men-ta-tion if the \T1/cmtt/m/n/10 SensorEventListener
 []

[21]

LaTeX Warning: Citation `bib:patterns' on page 22 undefined on input line 172.

) (chapters/06.tex
chapters/06.tex:1: Undefined control sequence.
l.1 \chapter
            {Verification and Validation}
The control sequence at the end of the top line
of your error message was never \def'ed. If you have
misspelled it (e.g., `\hobx'), type `I' and the correct
spelling (e.g., `I\hbox'). Otherwise just continue,
and I'll forget about whatever was undefined.

chapters/06.tex:9: Undefined control sequence.
l.9 ...e vector calculation functions (e.g., \path
                                                  {find_ghost_ball_position}...
The control sequence at the end of the top line
of your error message was never \def'ed. If you have
misspelled it (e.g., `\hobx'), type `I' and the correct
spelling (e.g., `I\hbox'). Otherwise just continue,
and I'll forget about whatever was undefined.

chapters/06.tex:9: Missing $ inserted.
<inserted text> 
                $
l.9 ...or calculation functions (e.g., \path{find_
                                                  ghost_ball_position}) and ...
I've inserted a begin-math/end-math symbol since I think
you left one out. Proceed, with fingers crossed.

chapters/06.tex:9: Extra }, or forgotten $.
l.9 ...ions (e.g., \path{find_ghost_ball_position}
                                                  ) and the impact force for...
I've deleted a group-closing symbol because it seems to be
spurious, as in `$x}$'. But perhaps the } is legitimate and
you forgot something else, as in `\hbox{$x}'. In such cases
the way to recover is to insert both the forgotten and the
deleted material, e.g., by typing `I$}'.


chapters/06.tex:10: LaTeX Error: Command \item invalid in math mode.

See the LaTeX manual or LaTeX Companion for explanation.
Type  H <return>  for immediate help.
 ...                                              
                                                  
l.10     \item
               \textbf{Integration Testing:} This phase focused on the commu...
Try typing  <return>  to proceed.
If that doesn't work, type  X <return>  to quit.


chapters/06.tex:10: LaTeX Error: Something's wrong--perhaps a missing \item.

See the LaTeX manual or LaTeX Companion for explanation.
Type  H <return>  for immediate help.
 ...                                              
                                                  
l.10     \item \textbf
                      {Integration Testing:} This phase focused on the commu...
Try typing  <return>  to proceed.
If that doesn't work, type  X <return>  to quit.


chapters/06.tex:10: LaTeX Error: Something's wrong--perhaps a missing \item.

See the LaTeX manual or LaTeX Companion for explanation.
Type  H <return>  for immediate help.
 ...                                              
                                                  
l.10     \item \textbf
                      {Integration Testing:} This phase focused on the commu...
Try typing  <return>  to proceed.
If that doesn't work, type  X <return>  to quit.


chapters/06.tex:11: LaTeX Error: Command \item invalid in math mode.

See the LaTeX manual or LaTeX Companion for explanation.
Type  H <return>  for immediate help.
 ...                                              
                                                  
l.11     \item
               \textbf{System Testing:} The full system was validated in a r...
Try typing  <return>  to proceed.
If that doesn't work, type  X <return>  to quit.

chapters/06.tex:11: Missing $ inserted.
<inserted text> 
                $
l.11     \item \textbf
                      {System Testing:} The full system was validated in a r...
I've inserted a begin-math/end-math symbol since I think
you left one out. Proceed, with fingers crossed.

chapters/06.tex:11: Missing } inserted.
<inserted text> 
                }
l.11     \item \textbf
                      {System Testing:} The full system was validated in a r...
I've inserted something that you may have forgotten.
(See the <inserted text> above.)
With luck, this will get me unwedged. But if you
really didn't forget anything, try typing `2' now; then
my insertion and my current dilemma will both disappear.


Overfull \hbox (1246.3145pt too wide) in paragraph at lines 9--11
\T1/cmr/m/n/10 find$[]\OML/cmm/m/it/10 host[]all[]osition\OT1/cmr/m/n/10 )\OML/cmm/m/it/10 andtheimpactforceformula\OT1/cmr/m/n/10 ($\T1/cmr/m/n/10 F=ma$\OT1/cmr/m/n/10 )\OML/cmm/m/it/10 withknownstaticvaluestoensuremathematicalcorrectness:[]ThisphasefocusedonthecommunicationbetweentheAndroidClientandthePCServer:KeytestsincludedverifyingtheTCPhandshake; theserializationofsensordataintoJSONformat; andthehandlingofnetworklatency:[][]$ 
 []


LaTeX Warning: Reference `tab:test_cases' on page 22 undefined on input line 15.


Underfull \hbox (badness 1281) in paragraph at lines 27--27
[]\T1/cmr/m/n/10 System main-tains ID of balls
 []


Overfull \hbox (75.59216pt too wide) in paragraph at lines 21--29
 [][] 
 []


LaTeX Warning: `!h' float specifier changed to `!ht'.

[22]
Overfull \hbox (5.81017pt too wide) in paragraph at lines 42--43
\T1/cmr/bx/n/10 Problem: \T1/cmr/m/n/10 Oc-ca-sion-ally, the Python server would crash with a \T1/cmtt/m/n/10 JSONDecodeError\T1/cmr/m/n/10 .
 []


Overfull \hbox (1.05328pt too wide) in paragraph at lines 42--43
\T1/cmr/m/n/10 This oc-curred be-cause TCP is a stream-oriented pro-to-col, not a message-oriented
 []

[23]

LaTeX Warning: Citation `bib:hold' on page 24 undefined on input line 52.


LaTeX Warning: Reference `fig:pr_curve' on page 24 undefined on input line 70.


LaTeX Warning: Reference `fig:ball_training_plots' on page 24 undefined on input line 73.


LaTeX Warning: Reference `fig:f1_curve' on page 24 undefined on input line 74.


LaTeX Warning: Reference `fig:conf_matrix' on page 24 undefined on input line 75.

[24]

chapters/06.tex:78: LaTeX Error: Unknown float option `H'.

See the LaTeX manual or LaTeX Companion for explanation.
Type  H <return>  for immediate help.
 ...                                              
                                                  
l.78 \begin{figure}[H]
                      
Option `H' ignored and `p' used.

chapters/06.tex:80: Undefined control sequence.
l.80     \includegraphics
                         [width=1.0\textwidth]{./graf/ball-detection/results...
The control sequence at the end of the top line
of your error message was never \def'ed. If you have
misspelled it (e.g., `\hobx'), type `I' and the correct
spelling (e.g., `I\hbox'). Otherwise just continue,
and I'll forget about whatever was undefined.

chapters/06.tex:80: Missing number, treated as zero.
<to be read again> 
                   ]
l.80     \includegraphics[width=1.0\textwidth]
                                              {./graf/ball-detection/results...
A number should have been here; I inserted `0'.
(If you can't figure out why I needed to see a number,
look up `weird error' in the index to The TeXbook.)

chapters/06.tex:80: Illegal unit of measure (pt inserted).
<to be read again> 
                   ]
l.80     \includegraphics[width=1.0\textwidth]
                                              {./graf/ball-detection/results...
Dimensions can be in units of em, ex, in, pt, pc,
cm, mm, dd, cc, nd, nc, bp, or sp; but yours is a new one!
I'll assume that you meant to say pt, for printer's points.
To recover gracefully from this error, it's best to
delete the erroneous units; e.g., type `2' to delete
two letters. (See Chapter 27 of The TeXbook.)


chapters/06.tex:86: LaTeX Error: Unknown float option `H'.

See the LaTeX manual or LaTeX Companion for explanation.
Type  H <return>  for immediate help.
 ...                                              
                                                  
l.86 \begin{figure}[H]
                      
Option `H' ignored and `p' used.

chapters/06.tex:88: Undefined control sequence.
l.88     \includegraphics
                         [width=0.8\textwidth]{./graf/ball-detection/PR_curv...
The control sequence at the end of the top line
of your error message was never \def'ed. If you have
misspelled it (e.g., `\hobx'), type `I' and the correct
spelling (e.g., `I\hbox'). Otherwise just continue,
and I'll forget about whatever was undefined.

chapters/06.tex:88: Missing number, treated as zero.
<to be read again> 
                   ]
l.88     \includegraphics[width=0.8\textwidth]
                                              {./graf/ball-detection/PR_curv...
A number should have been here; I inserted `0'.
(If you can't figure out why I needed to see a number,
look up `weird error' in the index to The TeXbook.)

chapters/06.tex:88: Illegal unit of measure (pt inserted).
<to be read again> 
                   ]
l.88     \includegraphics[width=0.8\textwidth]
                                              {./graf/ball-detection/PR_curv...
Dimensions can be in units of em, ex, in, pt, pc,
cm, mm, dd, cc, nd, nc, bp, or sp; but yours is a new one!
I'll assume that you meant to say pt, for printer's points.
To recover gracefully from this error, it's best to
delete the erroneous units; e.g., type `2' to delete
two letters. (See Chapter 27 of The TeXbook.)

chapters/06.tex:88: Missing $ inserted.
<inserted text> 
                $
l.88 ...h=0.8\textwidth]{./graf/ball-detection/PR_
                                                  curve.pdf}
I've inserted a begin-math/end-math symbol since I think
you left one out. Proceed, with fingers crossed.

chapters/06.tex:88: Extra }, or forgotten $.
l.88 ...width]{./graf/ball-detection/PR_curve.pdf}
                                                  
I've deleted a group-closing symbol because it seems to be
spurious, as in `$x}$'. But perhaps the } is legitimate and
you forgot something else, as in `\hbox{$x}'. In such cases
the way to recover is to insert both the forgotten and the
deleted material, e.g., by typing `I$}'.

chapters/06.tex:89: Missing $ inserted.
<inserted text> 
                $
l.89 ....5 of 0.985 for the Ball Detection model.}
                                                  
I've inserted a begin-math/end-math symbol since I think
you left one out. Proceed, with fingers crossed.

chapters/06.tex:91: Missing } inserted.
<inserted text> 
                }
l.91 \end{figure}
                 
I've inserted something that you may have forgotten.
(See the <inserted text> above.)
With luck, this will get me unwedged. But if you
really didn't forget anything, try typing `2' now; then
my insertion and my current dilemma will both disappear.


chapters/06.tex:93: LaTeX Error: Unknown float option `H'.

See the LaTeX manual or LaTeX Companion for explanation.
Type  H <return>  for immediate help.
 ...                                              
                                                  
l.93 \begin{figure}[H]
                      
Option `H' ignored and `p' used.

chapters/06.tex:95: Undefined control sequence.
l.95     \includegraphics
                         [width=0.8\textwidth]{./graf/ball-detection/F1_curv...
The control sequence at the end of the top line
of your error message was never \def'ed. If you have
misspelled it (e.g., `\hobx'), type `I' and the correct
spelling (e.g., `I\hbox'). Otherwise just continue,
and I'll forget about whatever was undefined.

chapters/06.tex:95: Missing number, treated as zero.
<to be read again> 
                   ]
l.95     \includegraphics[width=0.8\textwidth]
                                              {./graf/ball-detection/F1_curv...
A number should have been here; I inserted `0'.
(If you can't figure out why I needed to see a number,
look up `weird error' in the index to The TeXbook.)

chapters/06.tex:95: Illegal unit of measure (pt inserted).
<to be read again> 
                   ]
l.95     \includegraphics[width=0.8\textwidth]
                                              {./graf/ball-detection/F1_curv...
Dimensions can be in units of em, ex, in, pt, pc,
cm, mm, dd, cc, nd, nc, bp, or sp; but yours is a new one!
I'll assume that you meant to say pt, for printer's points.
To recover gracefully from this error, it's best to
delete the erroneous units; e.g., type `2' to delete
two letters. (See Chapter 27 of The TeXbook.)

chapters/06.tex:95: Missing $ inserted.
<inserted text> 
                $
l.95 ...h=0.8\textwidth]{./graf/ball-detection/F1_
                                                  curve.pdf}
I've inserted a begin-math/end-math symbol since I think
you left one out. Proceed, with fingers crossed.

chapters/06.tex:95: Extra }, or forgotten $.
l.95 ...width]{./graf/ball-detection/F1_curve.pdf}
                                                  
I've deleted a group-closing symbol because it seems to be
spurious, as in `$x}$'. But perhaps the } is legitimate and
you forgot something else, as in `\hbox{$x}'. In such cases
the way to recover is to insert both the forgotten and the
deleted material, e.g., by typing `I$}'.

chapters/06.tex:96: Missing $ inserted.
<inserted text> 
                $
l.96 ...the optimal confidence threshold of 0.59.}
                                                  
I've inserted a begin-math/end-math symbol since I think
you left one out. Proceed, with fingers crossed.

chapters/06.tex:98: Missing } inserted.
<inserted text> 
                }
l.98 \end{figure}
                 
I've inserted something that you may have forgotten.
(See the <inserted text> above.)
With luck, this will get me unwedged. But if you
really didn't forget anything, try typing `2' now; then
my insertion and my current dilemma will both disappear.


chapters/06.tex:100: LaTeX Error: Unknown float option `H'.

See the LaTeX manual or LaTeX Companion for explanation.
Type  H <return>  for immediate help.
 ...                                              
                                                  
l.100 \begin{figure}[H]
                       
Option `H' ignored and `p' used.

chapters/06.tex:103: Undefined control sequence.
l.103     \includegraphics
                          [width=0.8\textwidth]{./graf/ball-detection/confus...
The control sequence at the end of the top line
of your error message was never \def'ed. If you have
misspelled it (e.g., `\hobx'), type `I' and the correct
spelling (e.g., `I\hbox'). Otherwise just continue,
and I'll forget about whatever was undefined.

chapters/06.tex:103: Missing number, treated as zero.
<to be read again> 
                   ]
l.103     \includegraphics[width=0.8\textwidth]
                                               {./graf/ball-detection/confus...
A number should have been here; I inserted `0'.
(If you can't figure out why I needed to see a number,
look up `weird error' in the index to The TeXbook.)

chapters/06.tex:103: Illegal unit of measure (pt inserted).
<to be read again> 
                   ]
l.103     \includegraphics[width=0.8\textwidth]
                                               {./graf/ball-detection/confus...
Dimensions can be in units of em, ex, in, pt, pc,
cm, mm, dd, cc, nd, nc, bp, or sp; but yours is a new one!
I'll assume that you meant to say pt, for printer's points.
To recover gracefully from this error, it's best to
delete the erroneous units; e.g., type `2' to delete
two letters. (See Chapter 27 of The TeXbook.)

chapters/06.tex:103: Missing $ inserted.
<inserted text> 
                $
l.103 ...xtwidth]{./graf/ball-detection/confusion_
                                                  matrix.pdf}
I've inserted a begin-math/end-math symbol since I think
you left one out. Proceed, with fingers crossed.

chapters/06.tex:103: Extra }, or forgotten $.
l.103 ...graf/ball-detection/confusion_matrix.pdf}
                                                  
I've deleted a group-closing symbol because it seems to be
spurious, as in `$x}$'. But perhaps the } is legitimate and
you forgot something else, as in `\hbox{$x}'. In such cases
the way to recover is to insert both the forgotten and the
deleted material, e.g., by typing `I$}'.

chapters/06.tex:104: Missing $ inserted.
<inserted text> 
                $
l.104 ...Cue Ball, Other, and Background classes.}
                                                  
I've inserted a begin-math/end-math symbol since I think
you left one out. Proceed, with fingers crossed.

chapters/06.tex:106: Missing } inserted.
<inserted text> 
                }
l.106 \end{figure}
                  
I've inserted something that you may have forgotten.
(See the <inserted text> above.)
With luck, this will get me unwedged. But if you
really didn't forget anything, try typing `2' now; then
my insertion and my current dilemma will both disappear.


LaTeX Warning: Reference `fig:cue_training_plots' on page 25 undefined on input line 112.


LaTeX Warning: Reference `fig:pose_pr_curve' on page 25 undefined on input line 114.


LaTeX Warning: Reference `fig:pose_f1_curve' on page 25 undefined on input line 116.


LaTeX Warning: Reference `fig:cue_conf_matrix' on page 25 undefined on input line 118.


chapters/06.tex:121: LaTeX Error: Unknown float option `H'.

See the LaTeX manual or LaTeX Companion for explanation.
Type  H <return>  for immediate help.
 ...                                              
                                                  
l.121 \begin{figure}[H]
                       
Option `H' ignored and `p' used.

chapters/06.tex:123: Undefined control sequence.
l.123     \includegraphics
                          [width=1.0\textwidth]{./graf/cue-detection/results...
The control sequence at the end of the top line
of your error message was never \def'ed. If you have
misspelled it (e.g., `\hobx'), type `I' and the correct
spelling (e.g., `I\hbox'). Otherwise just continue,
and I'll forget about whatever was undefined.

chapters/06.tex:123: Missing number, treated as zero.
<to be read again> 
                   ]
l.123     \includegraphics[width=1.0\textwidth]
                                               {./graf/cue-detection/results...
A number should have been here; I inserted `0'.
(If you can't figure out why I needed to see a number,
look up `weird error' in the index to The TeXbook.)

chapters/06.tex:123: Illegal unit of measure (pt inserted).
<to be read again> 
                   ]
l.123     \includegraphics[width=1.0\textwidth]
                                               {./graf/cue-detection/results...
Dimensions can be in units of em, ex, in, pt, pc,
cm, mm, dd, cc, nd, nc, bp, or sp; but yours is a new one!
I'll assume that you meant to say pt, for printer's points.
To recover gracefully from this error, it's best to
delete the erroneous units; e.g., type `2' to delete
two letters. (See Chapter 27 of The TeXbook.)


chapters/06.tex:128: LaTeX Error: Unknown float option `H'.

See the LaTeX manual or LaTeX Companion for explanation.
Type  H <return>  for immediate help.
 ...                                              
                                                  
l.128 \begin{figure}[H]
                       
Option `H' ignored and `p' used.

chapters/06.tex:130: Undefined control sequence.
l.130     \includegraphics
                          [width=0.8\textwidth]{./graf/cue-detection/PR_curv...
The control sequence at the end of the top line
of your error message was never \def'ed. If you have
misspelled it (e.g., `\hobx'), type `I' and the correct
spelling (e.g., `I\hbox'). Otherwise just continue,
and I'll forget about whatever was undefined.

chapters/06.tex:130: Missing number, treated as zero.
<to be read again> 
                   ]
l.130     \includegraphics[width=0.8\textwidth]
                                               {./graf/cue-detection/PR_curv...
A number should have been here; I inserted `0'.
(If you can't figure out why I needed to see a number,
look up `weird error' in the index to The TeXbook.)

chapters/06.tex:130: Illegal unit of measure (pt inserted).
<to be read again> 
                   ]
l.130     \includegraphics[width=0.8\textwidth]
                                               {./graf/cue-detection/PR_curv...
Dimensions can be in units of em, ex, in, pt, pc,
cm, mm, dd, cc, nd, nc, bp, or sp; but yours is a new one!
I'll assume that you meant to say pt, for printer's points.
To recover gracefully from this error, it's best to
delete the erroneous units; e.g., type `2' to delete
two letters. (See Chapter 27 of The TeXbook.)

chapters/06.tex:130: Missing $ inserted.
<inserted text> 
                $
l.130 ...h=0.8\textwidth]{./graf/cue-detection/PR_
                                                  curve.pdf}
I've inserted a begin-math/end-math symbol since I think
you left one out. Proceed, with fingers crossed.

chapters/06.tex:130: Extra }, or forgotten $.
l.130 ...width]{./graf/cue-detection/PR_curve.pdf}
                                                  
I've deleted a group-closing symbol because it seems to be
spurious, as in `$x}$'. But perhaps the } is legitimate and
you forgot something else, as in `\hbox{$x}'. In such cases
the way to recover is to insert both the forgotten and the
deleted material, e.g., by typing `I$}'.

chapters/06.tex:131: Missing $ inserted.
<inserted text> 
                $
l.131 ...imation showing a high mAP@0.5 of 0.954.}
                                                  
I've inserted a begin-math/end-math symbol since I think
you left one out. Proceed, with fingers crossed.

chapters/06.tex:133: Missing } inserted.
<inserted text> 
                }
l.133 \end{figure}
                  
I've inserted something that you may have forgotten.
(See the <inserted text> above.)
With luck, this will get me unwedged. But if you
really didn't forget anything, try typing `2' now; then
my insertion and my current dilemma will both disappear.


chapters/06.tex:135: LaTeX Error: Unknown float option `H'.

See the LaTeX manual or LaTeX Companion for explanation.
Type  H <return>  for immediate help.
 ...                                              
                                                  
l.135 \begin{figure}[H]
                       
Option `H' ignored and `p' used.

chapters/06.tex:137: Undefined control sequence.
l.137     \includegraphics
                          [width=0.8\textwidth]{./graf/cue-detection/F1_curv...
The control sequence at the end of the top line
of your error message was never \def'ed. If you have
misspelled it (e.g., `\hobx'), type `I' and the correct
spelling (e.g., `I\hbox'). Otherwise just continue,
and I'll forget about whatever was undefined.

chapters/06.tex:137: Missing number, treated as zero.
<to be read again> 
                   ]
l.137     \includegraphics[width=0.8\textwidth]
                                               {./graf/cue-detection/F1_curv...
A number should have been here; I inserted `0'.
(If you can't figure out why I needed to see a number,
look up `weird error' in the index to The TeXbook.)

chapters/06.tex:137: Illegal unit of measure (pt inserted).
<to be read again> 
                   ]
l.137     \includegraphics[width=0.8\textwidth]
                                               {./graf/cue-detection/F1_curv...
Dimensions can be in units of em, ex, in, pt, pc,
cm, mm, dd, cc, nd, nc, bp, or sp; but yours is a new one!
I'll assume that you meant to say pt, for printer's points.
To recover gracefully from this error, it's best to
delete the erroneous units; e.g., type `2' to delete
two letters. (See Chapter 27 of The TeXbook.)

chapters/06.tex:137: Missing $ inserted.
<inserted text> 
                $
l.137 ...h=0.8\textwidth]{./graf/cue-detection/F1_
                                                  curve.pdf}
I've inserted a begin-math/end-math symbol since I think
you left one out. Proceed, with fingers crossed.

chapters/06.tex:137: Extra }, or forgotten $.
l.137 ...width]{./graf/cue-detection/F1_curve.pdf}
                                                  
I've deleted a group-closing symbol because it seems to be
spurious, as in `$x}$'. But perhaps the } is legitimate and
you forgot something else, as in `\hbox{$x}'. In such cases
the way to recover is to insert both the forgotten and the
deleted material, e.g., by typing `I$}'.

chapters/06.tex:138: Missing $ inserted.
<inserted text> 
                $
l.138 ...he cue stick keypoints, peaking at 0.93.}
                                                  
I've inserted a begin-math/end-math symbol since I think
you left one out. Proceed, with fingers crossed.

chapters/06.tex:140: Missing } inserted.
<inserted text> 
                }
l.140 \end{figure}
                  
I've inserted something that you may have forgotten.
(See the <inserted text> above.)
With luck, this will get me unwedged. But if you
really didn't forget anything, try typing `2' now; then
my insertion and my current dilemma will both disappear.


chapters/06.tex:142: LaTeX Error: Unknown float option `H'.

See the LaTeX manual or LaTeX Companion for explanation.
Type  H <return>  for immediate help.
 ...                                              
                                                  
l.142 \begin{figure}[H]
                       
Option `H' ignored and `p' used.

chapters/06.tex:144: Undefined control sequence.
l.144     \includegraphics
                          [width=0.8\textwidth]{./graf/cue-detection/confusi...
The control sequence at the end of the top line
of your error message was never \def'ed. If you have
misspelled it (e.g., `\hobx'), type `I' and the correct
spelling (e.g., `I\hbox'). Otherwise just continue,
and I'll forget about whatever was undefined.

chapters/06.tex:144: Missing number, treated as zero.
<to be read again> 
                   ]
l.144     \includegraphics[width=0.8\textwidth]
                                               {./graf/cue-detection/confusi...
A number should have been here; I inserted `0'.
(If you can't figure out why I needed to see a number,
look up `weird error' in the index to The TeXbook.)

chapters/06.tex:144: Illegal unit of measure (pt inserted).
<to be read again> 
                   ]
l.144     \includegraphics[width=0.8\textwidth]
                                               {./graf/cue-detection/confusi...
Dimensions can be in units of em, ex, in, pt, pc,
cm, mm, dd, cc, nd, nc, bp, or sp; but yours is a new one!
I'll assume that you meant to say pt, for printer's points.
To recover gracefully from this error, it's best to
delete the erroneous units; e.g., type `2' to delete
two letters. (See Chapter 27 of The TeXbook.)

chapters/06.tex:144: Missing $ inserted.
<inserted text> 
                $
l.144 ...extwidth]{./graf/cue-detection/confusion_
                                                  matrix.pdf}
I've inserted a begin-math/end-math symbol since I think
you left one out. Proceed, with fingers crossed.

chapters/06.tex:144: Extra }, or forgotten $.
l.144 .../graf/cue-detection/confusion_matrix.pdf}
                                                  
I've deleted a group-closing symbol because it seems to be
spurious, as in `$x}$'. But perhaps the } is legitimate and
you forgot something else, as in `\hbox{$x}'. In such cases
the way to recover is to insert both the forgotten and the
deleted material, e.g., by typing `I$}'.

chapters/06.tex:145: Missing $ inserted.
<inserted text> 
                $
l.145 ... against 6 false negatives (background).}
                                                  
I've inserted a begin-math/end-math symbol since I think
you left one out. Proceed, with fingers crossed.

chapters/06.tex:147: Missing } inserted.
<inserted text> 
                }
l.147 \end{figure}
                  
I've inserted something that you may have forgotten.
(See the <inserted text> above.)
With luck, this will get me unwedged. But if you
really didn't forget anything, try typing `2' now; then
my insertion and my current dilemma will both disappear.

chapters/06.tex:151: Undefined control sequence.
l.151 $$ m_{arm} = 54 \text
                           { kg} \times 4.97\% \approx 2.68 \text{ kg} $$.
The control sequence at the end of the top line
of your error message was never \def'ed. If you have
misspelled it (e.g., `\hobx'), type `I' and the correct
spelling (e.g., `I\hbox'). Otherwise just continue,
and I'll forget about whatever was undefined.

chapters/06.tex:151: Undefined control sequence.
l.151 ...ext{ kg} \times 4.97\% \approx 2.68 \text
                                                  { kg} $$.
The control sequence at the end of the top line
of your error message was never \def'ed. If you have
misspelled it (e.g., `\hobx'), type `I' and the correct
spelling (e.g., `I\hbox'). Otherwise just continue,
and I'll forget about whatever was undefined.


LaTeX Warning: Citation `bib:noise' on page 25 undefined on input line 156.

[25] [26]

LaTeX Warning: Reference `tab:raw_data' on page 27 undefined on input line 164.

chapters/06.tex:171: Undefined control sequence.
l.171 \toprule
              
The control sequence at the end of the top line
of your error message was never \def'ed. If you have
misspelled it (e.g., `\hobx'), type `I' and the correct
spelling (e.g., `I\hbox'). Otherwise just continue,
and I'll forget about whatever was undefined.

chapters/06.tex:173: Undefined control sequence.
<recently read> \midrule 
                         
l.173 \midrule
              
The control sequence at the end of the top line
of your error message was never \def'ed. If you have
misspelled it (e.g., `\hobx'), type `I' and the correct
spelling (e.g., `I\hbox'). Otherwise just continue,
and I'll forget about whatever was undefined.

chapters/06.tex:184: Undefined control sequence.
<recently read> \bottomrule 
                            
l.184 \bottomrule
                 
The control sequence at the end of the top line
of your error message was never \def'ed. If you have
misspelled it (e.g., `\hobx'), type `I' and the correct
spelling (e.g., `I\hbox'). Otherwise just continue,
and I'll forget about whatever was undefined.


LaTeX Warning: Citation `bib:stapor' on page 27 undefined on input line 188.


LaTeX Warning: Reference `tab:force_results' on page 27 undefined on input line 188.

chapters/06.tex:195: Undefined control sequence.
l.195 \toprule
              
The control sequence at the end of the top line
of your error message was never \def'ed. If you have
misspelled it (e.g., `\hobx'), type `I' and the correct
spelling (e.g., `I\hbox'). Otherwise just continue,
and I'll forget about whatever was undefined.

chapters/06.tex:197: Undefined control sequence.
<recently read> \midrule 
                         
l.197 \midrule
              
The control sequence at the end of the top line
of your error message was never \def'ed. If you have
misspelled it (e.g., `\hobx'), type `I' and the correct
spelling (e.g., `I\hbox'). Otherwise just continue,
and I'll forget about whatever was undefined.

chapters/06.tex:200: Undefined control sequence.
<recently read> \bottomrule 
                            
l.200 \bottomrule
                 
The control sequence at the end of the top line
of your error message was never \def'ed. If you have
misspelled it (e.g., `\hobx'), type `I' and the correct
spelling (e.g., `I\hbox'). Otherwise just continue,
and I'll forget about whatever was undefined.

[27]

LaTeX Warning: Citation `bib:arm' on page 28 undefined on input line 207.

) (chapters/07.tex
chapters/07.tex:1: Undefined control sequence.
l.1 \chapter
            {Conclusions}
The control sequence at the end of the top line
of your error message was never \def'ed. If you have
misspelled it (e.g., `\hobx'), type `I' and the correct
spelling (e.g., `I\hbox'). Otherwise just continue,
and I'll forget about whatever was undefined.

[28]

LaTeX Warning: Citation `bib:anatomical' on page 29 undefined on input line 11.

[29]) (chapters/08.tex
chapters/08.tex:1: Undefined control sequence.
l.1 \chapter
            {Index of abbreviations and symbols}
The control sequence at the end of the top line
of your error message was never \def'ed. If you have
misspelled it (e.g., `\hobx'), type `I' and the correct
spelling (e.g., `I\hbox'). Otherwise just continue,
and I'll forget about whatever was undefined.

[30]) (chapters/09.tex
chapters/09.tex:1: Undefined control sequence.
l.1 \chapter
            {Listings}
The control sequence at the end of the top line
of your error message was never \def'ed. If you have
misspelled it (e.g., `\hobx'), type `I' and the correct
spelling (e.g., `I\hbox'). Otherwise just continue,
and I'll forget about whatever was undefined.


chapters/09.tex:9: LaTeX Error: Environment lstlisting undefined.

See the LaTeX manual or LaTeX Companion for explanation.
Type  H <return>  for immediate help.
 ...                                              
                                                  
l.9 \begin{lstlisting}
                      [language=Java, caption={Content of config.json}, labe...
Your command was ignored.
Type  I <command> <return>  to replace it with another command,
or  <return>  to continue without it.

chapters/09.tex:9: Missing $ inserted.
<inserted text> 
                $
l.9 ...Content of config.json}, label={lst:config_
                                                  json}]
I've inserted a begin-math/end-math symbol since I think
you left one out. Proceed, with fingers crossed.

chapters/09.tex:9: Extra }, or forgotten $.
l.9 ...nt of config.json}, label={lst:config_json}
                                                  ]
I've deleted a group-closing symbol because it seems to be
spurious, as in `$x}$'. But perhaps the } is legitimate and
you forgot something else, as in `\hbox{$x}'. In such cases
the way to recover is to insert both the forgotten and the
deleted material, e.g., by typing `I$}'.


chapters/09.tex:14: LaTeX Error: \begin{document} ended by \end{lstlisting}.

See the LaTeX manual or LaTeX Companion for explanation.
Type  H <return>  for immediate help.
 ...                                              
                                                  
l.14 \end{lstlisting}
                     
Your command was ignored.
Type  I <command> <return>  to replace it with another command,
or  <return>  to continue without it.

chapters/09.tex:14: Missing $ inserted.
<inserted text> 
                $
l.14 \end{lstlisting}
                     
I've inserted something that you may have forgotten.
(See the <inserted text> above.)
With luck, this will get me unwedged. But if you
really didn't forget anything, try typing `2' now; then
my insertion and my current dilemma will both disappear.

chapters/09.tex:14: Missing } inserted.
<inserted text> 
                }
l.14 \end{lstlisting}
                     
I've inserted something that you may have forgotten.
(See the <inserted text> above.)
With luck, this will get me unwedged. But if you
really didn't forget anything, try typing `2' now; then
my insertion and my current dilemma will both disappear.


Overfull \hbox (154.77228pt too wide) in paragraph at lines 9--15
[]\T1/cmr/m/n/10 [language=Java, cap-tion=Content of con-fig.json, label=lst:config$[]\OML/cmm/m/it/10 son\OT1/cmr/m/n/10 ][]$ 
 []


chapters/09.tex:19: LaTeX Error: Environment lstlisting undefined.

See the LaTeX manual or LaTeX Companion for explanation.
Type  H <return>  for immediate help.
 ...                                              
                                                  
l.19 \begin{lstlisting}
                       [language=Python, basicstyle=\ttfamily\scriptsize, br...
Your command was ignored.
Type  I <command> <return>  to replace it with another command,
or  <return>  to continue without it.

chapters/09.tex:19: Missing $ inserted.
<inserted text> 
                $
l.19 ...Module implementation}, label={lst:bilard_
                                                  py}]
I've inserted a begin-math/end-math symbol since I think
you left one out. Proceed, with fingers crossed.

chapters/09.tex:19: Extra }, or forgotten $.
l.19 ...ule implementation}, label={lst:bilard_py}
                                                  ]
I've deleted a group-closing symbol because it seems to be
spurious, as in `$x}$'. But perhaps the } is legitimate and
you forgot something else, as in `\hbox{$x}'. In such cases
the way to recover is to insert both the forgotten and the
deleted material, e.g., by typing `I$}'.

chapters/09.tex:27: Missing $ inserted.
<inserted text> 
                $
l.27 
     
I've inserted a begin-math/end-math symbol since I think
you left one out. Proceed, with fingers crossed.


Overfull \hbox (13.91559pt too wide) in paragraph at lines 19--27
[]\T1/cmr/m/n/10 [language=Python, ba-sic-style=\T1/cmtt/m/n/7 , breaklines=true, caption=Vision Module implementation,
 []


Overfull \hbox (210.93427pt too wide) in paragraph at lines 19--27
\T1/cmtt/m/n/7 label=lst:bilard$[]\OML/cmm/m/it/7 y\OT1/cmr/m/n/7 ]\OML/cmm/m/it/7 importcv\OT1/cmr/m/n/7 2\OML/cmm/m/it/7 importsupervisionassvfrominferenceimportget[]odelimportnumpyasnpimportmathfromdotenvimportload[]otenvimportos$ 
 []

chapters/09.tex:28: Missing $ inserted.
<inserted text> 
                $
l.28 load_
          dotenv()
I've inserted a begin-math/end-math symbol since I think
you left one out. Proceed, with fingers crossed.

chapters/09.tex:29: Missing $ inserted.
<inserted text> 
                $
l.29 
     
I've inserted a begin-math/end-math symbol since I think
you left one out. Proceed, with fingers crossed.

chapters/09.tex:30: You can't use `macro parameter character #' in vertical mode.
l.30 #
       --- CONFIGURATION ---
Sorry, but I'm not programmed to handle this case;
I'll just pretend that you didn't ask for it.
If you're in the wrong mode, you might be able to
return to the right one by typing `I}' or `I$' or `I\par'.

chapters/09.tex:32: Missing $ inserted.
<inserted text> 
                $
l.32 API_
         KEY = os.getenv("API_KEY")
I've inserted a begin-math/end-math symbol since I think
you left one out. Proceed, with fingers crossed.

chapters/09.tex:35: Missing $ inserted.
<inserted text> 
                $
l.35 
     
I've inserted a begin-math/end-math symbol since I think
you left one out. Proceed, with fingers crossed.


Overfull \hbox (79.06763pt too wide) in paragraph at lines 32--35
[]\T1/cmtt/m/n/7 API$[]\OML/cmm/m/it/7 EY \OT1/cmr/m/n/7 = \OML/cmm/m/it/7 os:getenv\OT1/cmr/m/n/7 ("\OML/cmm/m/it/7 API[]EY\OT1/cmr/m/n/7 ")\OML/cmm/m/it/7 DETECTION[]ODEL \OT1/cmr/m/n/7 = "\OML/cmm/m/it/7 ball \OMS/cmsy/m/n/7 ^^@ \OML/cmm/m/it/7 detection \OMS/cmsy/m/n/7 ^^@ \OML/cmm/m/it/7 bzirz=\OT1/cmr/m/n/7 3"\OML/cmm/m/it/7 KEYPOINTS[]ODEL \OT1/cmr/m/n/7 =
 []

chapters/09.tex:36: Missing $ inserted.
<inserted text> 
                $
l.36 BALL_
          DIAMETER_PX = 45
I've inserted a begin-math/end-math symbol since I think
you left one out. Proceed, with fingers crossed.

chapters/09.tex:37: Missing $ inserted.
<inserted text> 
                $
l.37 
     
I've inserted a begin-math/end-math symbol since I think
you left one out. Proceed, with fingers crossed.

chapters/09.tex:38: Missing $ inserted.
<inserted text> 
                $
l.38 def normalize_
                   vector(v):
I've inserted a begin-math/end-math symbol since I think
you left one out. Proceed, with fingers crossed.

chapters/09.tex:42: Missing $ inserted.
<inserted text> 
                $
l.42 
     
I've inserted a begin-math/end-math symbol since I think
you left one out. Proceed, with fingers crossed.

chapters/09.tex:43: Missing $ inserted.
<inserted text> 
                $
l.43 def find_
              ghost_ball_position(cue_ball_pos, aim_vector, target_ball_pos):
I've inserted a begin-math/end-math symbol since I think
you left one out. Proceed, with fingers crossed.

chapters/09.tex:46: Missing $ inserted.
<inserted text> 
                $
l.46 
     
I've inserted a begin-math/end-math symbol since I think
you left one out. Proceed, with fingers crossed.


Overfull \hbox (8.92714pt too wide) in paragraph at lines 43--46
[]\T1/cmtt/m/n/7 def find$[]\OML/cmm/m/it/7 host[]all[]osition\OT1/cmr/m/n/7 (\OML/cmm/m/it/7 cue[]all[]os; aim[]ector; target[]all[]os\OT1/cmr/m/n/7 ) : \OML/cmm/m/it/7 vec[]o[]arget \OT1/cmr/m/n/7 = \OML/cmm/m/it/7 target[]all[]os \OMS/cmsy/m/n/7 ^^@
 []

chapters/09.tex:47: Missing $ inserted.
<inserted text> 
                $
l.47     if projection_
                       length <= 0: return None, float('inf')
I've inserted a begin-math/end-math symbol since I think
you left one out. Proceed, with fingers crossed.

chapters/09.tex:48: Missing $ inserted.
<inserted text> 
                $
l.48 
     
I've inserted a begin-math/end-math symbol since I think
you left one out. Proceed, with fingers crossed.

chapters/09.tex:49: Missing $ inserted.
<inserted text> 
                $
l.49     closest_
                 point_on_line = cue_ball_pos + aim_vector * projection_length
I've inserted a begin-math/end-math symbol since I think
you left one out. Proceed, with fingers crossed.

chapters/09.tex:51: Missing $ inserted.
<inserted text> 
                $
l.51 
     
I've inserted a begin-math/end-math symbol since I think
you left one out. Proceed, with fingers crossed.


Overfull \hbox (81.48479pt too wide) in paragraph at lines 49--51
[]\T1/cmtt/m/n/7 closest$[]\OML/cmm/m/it/7 oint[]n[]ine \OT1/cmr/m/n/7 = \OML/cmm/m/it/7 cue[]all[]os \OT1/cmr/m/n/7 + \OML/cmm/m/it/7 aim[]ector \OMS/cmsy/m/n/7 ^^C \OML/cmm/m/it/7 projection[]engthperpendicular[]ist \OT1/cmr/m/n/7 = \OML/cmm/m/it/7 np:linalg:norm\OT1/cmr/m/n/7 (\OML/cmm/m/it/7 target[]all[]os \OMS/cmsy/m/n/7 ^^@
 []

chapters/09.tex:52: Missing $ inserted.
<inserted text> 
                $
l.52     if perpendicular_
                          dist < BALL_DIAMETER_PX:
I've inserted a begin-math/end-math symbol since I think
you left one out. Proceed, with fingers crossed.

chapters/09.tex:57: Missing $ inserted.
<inserted text> 
                $
l.57 
     
I've inserted a begin-math/end-math symbol since I think
you left one out. Proceed, with fingers crossed.


Overfull \hbox (25.14795pt too wide) in paragraph at lines 52--57
[]\T1/cmtt/m/n/7 if perpendicular$[]\OML/cmm/m/it/7 ist < BALL[]IAMETER[]X \OT1/cmr/m/n/7 : \OML/cmm/m/it/7 back[]ffset \OT1/cmr/m/n/7 = \OML/cmm/m/it/7 math:sqrt\OT1/cmr/m/n/7 (\OML/cmm/m/it/7 BALL[]IAMETER[]X \OMS/cmsy/m/n/7 ^^C
 []

chapters/09.tex:61: Missing $ inserted.
<inserted text> 
                $
l.61     model_
               obj = get_model(model_id=DETECTION_MODEL, api_key=API_KEY)
I've inserted a begin-math/end-math symbol since I think
you left one out. Proceed, with fingers crossed.

chapters/09.tex:63: Missing $ inserted.
<inserted text> 
                $
l.63 
     
I've inserted a begin-math/end-math symbol since I think
you left one out. Proceed, with fingers crossed.


Overfull \hbox (34.3791pt too wide) in paragraph at lines 60--63
[]\T1/cmtt/m/n/7 def main(): model$[]\OML/cmm/m/it/7 bj \OT1/cmr/m/n/7 = \OML/cmm/m/it/7 get[]odel\OT1/cmr/m/n/7 (\OML/cmm/m/it/7 model[]d \OT1/cmr/m/n/7 = \OML/cmm/m/it/7 DETECTION[]ODEL; api[]ey \OT1/cmr/m/n/7 = \OML/cmm/m/it/7 API[]EY\OT1/cmr/m/n/7 )\OML/cmm/m/it/7 model[]p \OT1/cmr/m/n/7 =
 []

chapters/09.tex:66: Missing $ inserted.
<inserted text> 
                $
l.66     box_
             annotator = sv.BoxAnnotator(thickness=2)
I've inserted a begin-math/end-math symbol since I think
you left one out. Proceed, with fingers crossed.

chapters/09.tex:67: Missing $ inserted.
<inserted text> 
                $
l.67 
     
I've inserted a begin-math/end-math symbol since I think
you left one out. Proceed, with fingers crossed.

[31]
chapters/09.tex:74: Missing $ inserted.
<inserted text> 
                $
l.74         annotated_
                       frame = frame.copy()
I've inserted a begin-math/end-math symbol since I think
you left one out. Proceed, with fingers crossed.

chapters/09.tex:75: Missing $ inserted.
<inserted text> 
                $
l.75 
     
I've inserted a begin-math/end-math symbol since I think
you left one out. Proceed, with fingers crossed.

chapters/09.tex:76: You can't use `macro parameter character #' in vertical mode.
l.76         #
               1. OBJECT DETECTION
Sorry, but I'm not programmed to handle this case;
I'll just pretend that you didn't ask for it.
If you're in the wrong mode, you might be able to
return to the right one by typing `I}' or `I$' or `I\par'.

chapters/09.tex:77: Missing $ inserted.
<inserted text> 
                $
l.77         results_
                     obj = model_obj.infer(frame)[0]
I've inserted a begin-math/end-math symbol since I think
you left one out. Proceed, with fingers crossed.

chapters/09.tex:79: Missing $ inserted.
<inserted text> 
                $
l.79 
     
I've inserted a begin-math/end-math symbol since I think
you left one out. Proceed, with fingers crossed.


Overfull \hbox (88.67725pt too wide) in paragraph at lines 76--79
[]\T1/cmtt/m/n/7 1. OBJECT DETECTION results$[]\OML/cmm/m/it/7 bj \OT1/cmr/m/n/7 = \OML/cmm/m/it/7 model[]bj:infer\OT1/cmr/m/n/7 (\OML/cmm/m/it/7 frame\OT1/cmr/m/n/7 )[0]\OML/cmm/m/it/7 detections \OT1/cmr/m/n/7 = \OML/cmm/m/it/7 sv:Detections:from[]nference\OT1/cmr/m/n/7 (\OML/cmm/m/it/7 results[]bj\OT1/cmr/m/n/7 )$ 
 []

chapters/09.tex:80: Missing $ inserted.
<inserted text> 
                $
l.80         annotated_
                       frame = box_annotator.annotate(scene=annotated_frame,...
I've inserted a begin-math/end-math symbol since I think
you left one out. Proceed, with fingers crossed.

chapters/09.tex:81: Missing $ inserted.
<inserted text> 
                $
l.81 
     
I've inserted a begin-math/end-math symbol since I think
you left one out. Proceed, with fingers crossed.


Overfull \hbox (5.71626pt too wide) in paragraph at lines 80--81
[]\T1/cmtt/m/n/7 annotated$[]\OML/cmm/m/it/7 rame \OT1/cmr/m/n/7 = \OML/cmm/m/it/7 box[]nnotator:annotate\OT1/cmr/m/n/7 (\OML/cmm/m/it/7 scene \OT1/cmr/m/n/7 = \OML/cmm/m/it/7 annotated[]rame; detections \OT1/cmr/m/n/7 = \OML/cmm/m/it/7 detections\OT1/cmr/m/n/7 )$ 
 []

chapters/09.tex:82: Missing $ inserted.
<inserted text> 
                $
l.82         cue_
                 ball_center = None
I've inserted a begin-math/end-math symbol since I think
you left one out. Proceed, with fingers crossed.

chapters/09.tex:84: Missing $ inserted.
<inserted text> 
                $
l.84 
     
I've inserted a begin-math/end-math symbol since I think
you left one out. Proceed, with fingers crossed.

chapters/09.tex:86: Missing $ inserted.
<inserted text> 
                $
l.86             class_
                       name = detections.data['class_name'][i]
I've inserted a begin-math/end-math symbol since I think
you left one out. Proceed, with fingers crossed.

chapters/09.tex:91: Missing $ inserted.
<inserted text> 
                $
l.91 
     
I've inserted a begin-math/end-math symbol since I think
you left one out. Proceed, with fingers crossed.


Overfull \hbox (79.04784pt too wide) in paragraph at lines 85--91
[]\T1/cmtt/m/n/7 for i in range(len(detections)): class$[]\OML/cmm/m/it/7 ame \OT1/cmr/m/n/7 = \OML/cmm/m/it/7 detections:data\OT1/cmr/m/n/7 [[]\OML/cmm/m/it/7 class[]ame[]\OT1/cmr/m/n/7 ][\OML/cmm/m/it/7 i\OT1/cmr/m/n/7 ]\OML/cmm/m/it/7 box \OT1/cmr/m/n/7 = \OML/cmm/m/it/7 detections:xyxy\OT1/cmr/m/n/7 [\OML/cmm/m/it/7 i\OT1/cmr/m/n/7 ]\OML/cmm/m/it/7 center[] \OT1/cmr/m/n/7 =
 []


Overfull \hbox (32.11858pt too wide) in paragraph at lines 85--91
\OML/cmm/m/it/7 int\OT1/cmr/m/n/7 ((\OML/cmm/m/it/7 box\OT1/cmr/m/n/7 [0] + \OML/cmm/m/it/7 box\OT1/cmr/m/n/7 [2])\OML/cmm/m/it/7 =\OT1/cmr/m/n/7 2)\OML/cmm/m/it/7 center[] \OT1/cmr/m/n/7 = \OML/cmm/m/it/7 int\OT1/cmr/m/n/7 ((\OML/cmm/m/it/7 box\OT1/cmr/m/n/7 [1] + \OML/cmm/m/it/7 box\OT1/cmr/m/n/7 [3])\OML/cmm/m/it/7 =\OT1/cmr/m/n/7 2)\OML/cmm/m/it/7 center[]oint \OT1/cmr/m/n/7 = \OML/cmm/m/it/7 np:array\OT1/cmr/m/n/7 ([\OML/cmm/m/it/7 center[]; center[]\OT1/cmr/m/n/7 ]\OML/cmm/m/it/7 ; dtype \OT1/cmr/m/n/7 =
 []

chapters/09.tex:92: Missing $ inserted.
<inserted text> 
                $
l.92             if class_
                          name == "cue ball" or class_name == "cue-ball":
I've inserted a begin-math/end-math symbol since I think
you left one out. Proceed, with fingers crossed.

chapters/09.tex:94: You can't use `macro parameter character #' in math mode.
l.94             elif class_name == "other": #
                                               or other name for colored balls
Sorry, but I'm not programmed to handle this case;
I'll just pretend that you didn't ask for it.
If you're in the wrong mode, you might be able to
return to the right one by typing `I}' or `I$' or `I\par'.

chapters/09.tex:96: Missing $ inserted.
<inserted text> 
                $
l.96 
     
I've inserted a begin-math/end-math symbol since I think
you left one out. Proceed, with fingers crossed.


Overfull \hbox (46.24963pt too wide) in paragraph at lines 92--96
[]\T1/cmtt/m/n/7 if class$[]\OML/cmm/m/it/7 ame \OT1/cmr/m/n/7 == "\OML/cmm/m/it/7 cueball\OT1/cmr/m/n/7 "\OML/cmm/m/it/7 orclass[]ame \OT1/cmr/m/n/7 == "\OML/cmm/m/it/7 cue \OMS/cmsy/m/n/7 ^^@ \OML/cmm/m/it/7 ball\OT1/cmr/m/n/7 " : \OML/cmm/m/it/7 cue[]all[]enter \OT1/cmr/m/n/7 = \OML/cmm/m/it/7 center[]ointelifclass[]ame \OT1/cmr/m/n/7 ==
 []

chapters/09.tex:97: You can't use `macro parameter character #' in vertical mode.
l.97         #
               2. CUE KEYPOINT DETECTION
Sorry, but I'm not programmed to handle this case;
I'll just pretend that you didn't ask for it.
If you're in the wrong mode, you might be able to
return to the right one by typing `I}' or `I$' or `I\par'.

chapters/09.tex:98: Missing $ inserted.
<inserted text> 
                $
l.98         results_
                     kp = model_kp.infer(frame)[0]
I've inserted a begin-math/end-math symbol since I think
you left one out. Proceed, with fingers crossed.

chapters/09.tex:101: Missing $ inserted.
<inserted text> 
                $
l.101 
      
I've inserted a begin-math/end-math symbol since I think
you left one out. Proceed, with fingers crossed.


Overfull \hbox (3.95079pt too wide) in paragraph at lines 97--101
[]\T1/cmtt/m/n/7 2. CUE KEYPOINT DETECTION results$[]\OML/cmm/m/it/7 p \OT1/cmr/m/n/7 = \OML/cmm/m/it/7 model[]p:infer\OT1/cmr/m/n/7 (\OML/cmm/m/it/7 frame\OT1/cmr/m/n/7 )[0]\OML/cmm/m/it/7 tip[]os \OT1/cmr/m/n/7 = \OML/cmm/m/it/7 Nonehandle[]os \OT1/cmr/m/n/7 =
 []

chapters/09.tex:102: Missing $ inserted.
<inserted text> 
                $
l.102         if hasattr(results_
                                 kp, "predictions"):
I've inserted a begin-math/end-math symbol since I think
you left one out. Proceed, with fingers crossed.

chapters/09.tex:114: Missing $ inserted.
<inserted text> 
                $
l.114 
      
I've inserted a begin-math/end-math symbol since I think
you left one out. Proceed, with fingers crossed.


Overfull \hbox (36.81871pt too wide) in paragraph at lines 102--114
[]\T1/cmtt/m/n/7 if hasattr(results$[]\OML/cmm/m/it/7 p; \OT1/cmr/m/n/7 "\OML/cmm/m/it/7 predictions\OT1/cmr/m/n/7 ") : \OML/cmm/m/it/7 forpredinresults[]p:predictions \OT1/cmr/m/n/7 : \OML/cmm/m/it/7 ifhasattr\OT1/cmr/m/n/7 (\OML/cmm/m/it/7 pred; \OT1/cmr/m/n/7 "\OML/cmm/m/it/7 keypoints\OT1/cmr/m/n/7 ") :
 []


Overfull \hbox (73.84187pt too wide) in paragraph at lines 102--114
\OML/cmm/m/it/7 forkpinpred:keypoints \OT1/cmr/m/n/7 : \OML/cmm/m/it/7 ifkp:confidence > \OT1/cmr/m/n/7 0\OML/cmm/m/it/7 :\OT1/cmr/m/n/7 4 : \OML/cmm/m/it/7 pos \OT1/cmr/m/n/7 = \OML/cmm/m/it/7 np:array\OT1/cmr/m/n/7 ([\OML/cmm/m/it/7 kp:x; kp:y\OT1/cmr/m/n/7 ]\OML/cmm/m/it/7 ; dtype \OT1/cmr/m/n/7 = \OML/cmm/m/it/7 np:float\OT1/cmr/m/n/7 32)\OML/cmm/m/it/7 ifkp:class[]ame \OT1/cmr/m/n/7 ==
 []


Overfull \hbox (50.21867pt too wide) in paragraph at lines 102--114
\OT1/cmr/m/n/7 "\OML/cmm/m/it/7 tip\OT1/cmr/m/n/7 " : \OML/cmm/m/it/7 tip[]os \OT1/cmr/m/n/7 = \OML/cmm/m/it/7 poscv\OT1/cmr/m/n/7 2\OML/cmm/m/it/7 :circle\OT1/cmr/m/n/7 (\OML/cmm/m/it/7 annotated[]rame; \OT1/cmr/m/n/7 (\OML/cmm/m/it/7 int\OT1/cmr/m/n/7 (\OML/cmm/m/it/7 pos\OT1/cmr/m/n/7 [0])\OML/cmm/m/it/7 ; int\OT1/cmr/m/n/7 (\OML/cmm/m/it/7 pos\OT1/cmr/m/n/7 [1]))\OML/cmm/m/it/7 ; \OT1/cmr/m/n/7 5\OML/cmm/m/it/7 ; \OT1/cmr/m/n/7 (0\OML/cmm/m/it/7 ; \OT1/cmr/m/n/7 0\OML/cmm/m/it/7 ; \OT1/cmr/m/n/7 255)\OML/cmm/m/it/7 ; \OMS/cmsy/m/n/7 ^^@\OT1/cmr/m/n/7 1)\OML/cmm/m/it/7 elifkp:class[]ame \OT1/cmr/m/n/7 ==
 []


Overfull \hbox (98.53142pt too wide) in paragraph at lines 102--114
\OT1/cmr/m/n/7 "\OML/cmm/m/it/7 handle\OT1/cmr/m/n/7 "\OML/cmm/m/it/7 orkp:class[]ame \OT1/cmr/m/n/7 == "\OML/cmm/m/it/7 grip\OT1/cmr/m/n/7 " : \OML/cmm/m/it/7 handle[]os \OT1/cmr/m/n/7 = \OML/cmm/m/it/7 poscv\OT1/cmr/m/n/7 2\OML/cmm/m/it/7 :circle\OT1/cmr/m/n/7 (\OML/cmm/m/it/7 annotated[]rame; \OT1/cmr/m/n/7 (\OML/cmm/m/it/7 int\OT1/cmr/m/n/7 (\OML/cmm/m/it/7 pos\OT1/cmr/m/n/7 [0])\OML/cmm/m/it/7 ; int\OT1/cmr/m/n/7 (\OML/cmm/m/it/7 pos\OT1/cmr/m/n/7 [1]))\OML/cmm/m/it/7 ; \OT1/cmr/m/n/7 5\OML/cmm/m/it/7 ; \OT1/cmr/m/n/7 (255\OML/cmm/m/it/7 ; \OT1/cmr/m/n/7 0\OML/cmm/m/it/7 ; \OT1/cmr/m/n/7 0)\OML/cmm/m/it/7 ; \OMS/cmsy/m/n/7 ^^@\OT1/cmr/m/n/7 1)$ 
 []

chapters/09.tex:115: You can't use `macro parameter character #' in vertical mode.
l.115         #
                3. DRAWING LINES AND PREDICTION
Sorry, but I'm not programmed to handle this case;
I'll just pretend that you didn't ask for it.
If you're in the wrong mode, you might be able to
return to the right one by typing `I}' or `I$' or `I\par'.

chapters/09.tex:116: Missing $ inserted.
<inserted text> 
                $
l.116         if cue_
                     ball_center is not None and tip_pos is not None and han...
I've inserted a begin-math/end-math symbol since I think
you left one out. Proceed, with fingers crossed.

chapters/09.tex:117: Missing $ inserted.
<inserted text> 
                $
l.117 
      
I've inserted a begin-math/end-math symbol since I think
you left one out. Proceed, with fingers crossed.


Overfull \hbox (55.90886pt too wide) in paragraph at lines 115--117
[]\T1/cmtt/m/n/7 3. DRAWING LINES AND PREDICTION if cue$[]\OML/cmm/m/it/7 all[]enterisnotNoneandtip[]osisnotNoneandhandle[]osisnotNone \OT1/cmr/m/n/7 :$ 
 []

chapters/09.tex:118: You can't use `macro parameter character #' in vertical mode.
l.118             #
                    --- DRAWING CUE LINE (Handle -> Tip) ---
Sorry, but I'm not programmed to handle this case;
I'll just pretend that you didn't ask for it.
If you're in the wrong mode, you might be able to
return to the right one by typing `I}' or `I$' or `I\par'.

chapters/09.tex:119: Missing $ inserted.
<inserted text> 
                $
l.119             handle_
                         int = tuple(handle_pos.astype(int))
I've inserted a begin-math/end-math symbol since I think
you left one out. Proceed, with fingers crossed.

chapters/09.tex:121: You can't use `macro parameter character #' in math mode.
l.121             #
                    Thick line representing the cue
Sorry, but I'm not programmed to handle this case;
I'll just pretend that you didn't ask for it.
If you're in the wrong mode, you might be able to
return to the right one by typing `I}' or `I$' or `I\par'.

chapters/09.tex:123: Missing $ inserted.
<inserted text> 
                $
l.123 
      
I've inserted a begin-math/end-math symbol since I think
you left one out. Proceed, with fingers crossed.


Overfull \hbox (54.29369pt too wide) in paragraph at lines 118--123
\OML/cmm/m/it/7 tuple\OT1/cmr/m/n/7 (\OML/cmm/m/it/7 tip[]os:astype\OT1/cmr/m/n/7 (\OML/cmm/m/it/7 int\OT1/cmr/m/n/7 ))\OML/cmm/m/it/7 Thicklinerepresentingthecuecv\OT1/cmr/m/n/7 2\OML/cmm/m/it/7 :line\OT1/cmr/m/n/7 (\OML/cmm/m/it/7 annotated[]rame; handle[]nt; tip[]nt; \OT1/cmr/m/n/7 (255\OML/cmm/m/it/7 ; \OT1/cmr/m/n/7 0\OML/cmm/m/it/7 ; \OT1/cmr/m/n/7 0)\OML/cmm/m/it/7 ; \OT1/cmr/m/n/7 4)$ 
 []

chapters/09.tex:124: You can't use `macro parameter character #' in vertical mode.
l.124             #
                    Calculate aiming vector based on the cue
Sorry, but I'm not programmed to handle this case;
I'll just pretend that you didn't ask for it.
If you're in the wrong mode, you might be able to
return to the right one by typing `I}' or `I$' or `I\par'.

chapters/09.tex:125: Missing $ inserted.
<inserted text> 
                $
l.125             aim_
                      vector_raw = tip_pos - handle_pos
I've inserted a begin-math/end-math symbol since I think
you left one out. Proceed, with fingers crossed.

chapters/09.tex:127: Missing $ inserted.
<inserted text> 
                $
l.127 
      
I've inserted a begin-math/end-math symbol since I think
you left one out. Proceed, with fingers crossed.


Overfull \hbox (1.25133pt too wide) in paragraph at lines 124--127
[]\T1/cmtt/m/n/7 Calculate aiming vector based on the cue aim$[]\OML/cmm/m/it/7 ector[]aw \OT1/cmr/m/n/7 = \OML/cmm/m/it/7 tip[]os \OMS/cmsy/m/n/7 ^^@ \OML/cmm/m/it/7 handle[]osaim[]irection \OT1/cmr/m/n/7 =
 []

chapters/09.tex:128: You can't use `macro parameter character #' in vertical mode.
l.128             #
                    Looking for collision
Sorry, but I'm not programmed to handle this case;
I'll just pretend that you didn't ask for it.
If you're in the wrong mode, you might be able to
return to the right one by typing `I}' or `I$' or `I\par'.

chapters/09.tex:129: Missing $ inserted.
<inserted text> 
                $
l.129             closest_
                          ghost_ball = None
I've inserted a begin-math/end-math symbol since I think
you left one out. Proceed, with fingers crossed.

chapters/09.tex:132: Missing $ inserted.
<inserted text> 
                $
l.132 
      
I've inserted a begin-math/end-math symbol since I think
you left one out. Proceed, with fingers crossed.


Overfull \hbox (30.34494pt too wide) in paragraph at lines 128--132
[]\T1/cmtt/m/n/7 Looking for collision closest$[]\OML/cmm/m/it/7 host[]all \OT1/cmr/m/n/7 = \OML/cmm/m/it/7 Noneclosest[]arget[]all \OT1/cmr/m/n/7 = \OML/cmm/m/it/7 Nonemin[]istance \OT1/cmr/m/n/7 = \OML/cmm/m/it/7 float\OT1/cmr/m/n/7 ([]\OML/cmm/m/it/7 inf[]\OT1/cmr/m/n/7 )$ 
 []

chapters/09.tex:133: Missing $ inserted.
<inserted text> 
                $
l.133             for target_
                             ball in other_balls_centers:
I've inserted a begin-math/end-math symbol since I think
you left one out. Proceed, with fingers crossed.

chapters/09.tex:139: Missing $ inserted.
<inserted text> 
                $
l.139 
      
I've inserted a begin-math/end-math symbol since I think
you left one out. Proceed, with fingers crossed.


Overfull \hbox (227.3239pt too wide) in paragraph at lines 133--139
[]\T1/cmtt/m/n/7 for target$[]\OML/cmm/m/it/7 allinother[]alls[]enters \OT1/cmr/m/n/7 : \OML/cmm/m/it/7 ghost[]os; distance \OT1/cmr/m/n/7 = \OML/cmm/m/it/7 find[]host[]all[]osition\OT1/cmr/m/n/7 (\OML/cmm/m/it/7 cue[]all[]enter; aim[]irection; target[]all\OT1/cmr/m/n/7 )\OML/cmm/m/it/7 ifghost[]osisnotNoneanddistance <
 []

chapters/09.tex:140: You can't use `macro parameter character #' in vertical mode.
l.140             #
                    --- DRAWING PREDICTION LINES ---
Sorry, but I'm not programmed to handle this case;
I'll just pretend that you didn't ask for it.
If you're in the wrong mode, you might be able to
return to the right one by typing `I}' or `I$' or `I\par'.

chapters/09.tex:141: Missing $ inserted.
<inserted text> 
                $
l.141             cue_
                      start_int = tuple(cue_ball_center.astype(int))
I've inserted a begin-math/end-math symbol since I think
you left one out. Proceed, with fingers crossed.

chapters/09.tex:142: Missing $ inserted.
<inserted text> 
                $
l.142 
      
I've inserted a begin-math/end-math symbol since I think
you left one out. Proceed, with fingers crossed.

chapters/09.tex:143: You can't use `macro parameter character #' in vertical mode.
l.143             #
                    Line connecting Tip to Cue Ball (shows "aiming")
Sorry, but I'm not programmed to handle this case;
I'll just pretend that you didn't ask for it.
If you're in the wrong mode, you might be able to
return to the right one by typing `I}' or `I$' or `I\par'.

chapters/09.tex:144: Missing $ inserted.
<inserted text> 
                $
l.144             cv2.line(annotated_
                                     frame, tip_int, cue_start_int, (100, 10...
I've inserted a begin-math/end-math symbol since I think
you left one out. Proceed, with fingers crossed.

chapters/09.tex:145: Missing $ inserted.
<inserted text> 
                $
l.145 
      
I've inserted a begin-math/end-math symbol since I think
you left one out. Proceed, with fingers crossed.


Overfull \hbox (129.08429pt too wide) in paragraph at lines 143--145
[]\T1/cmtt/m/n/7 Line connecting Tip to Cue Ball (shows "aiming") cv2.line(annotated$[]\OML/cmm/m/it/7 rame; tip[]nt; cue[]tart[]nt; \OT1/cmr/m/n/7 (100\OML/cmm/m/it/7 ; \OT1/cmr/m/n/7 100\OML/cmm/m/it/7 ; \OT1/cmr/m/n/7 100)\OML/cmm/m/it/7 ; \OT1/cmr/m/n/7 2\OML/cmm/m/it/7 ; cv\OT1/cmr/m/n/7 2\OML/cmm/m/it/7 :LINE[]A\OT1/cmr/m/n/7 )$ 
 []

chapters/09.tex:146: Missing $ inserted.
<inserted text> 
                $
l.146             if closest_
                             ghost_ball is not None:
I've inserted a begin-math/end-math symbol since I think
you left one out. Proceed, with fingers crossed.

chapters/09.tex:149: Missing $ inserted.
<inserted text> 
                $
l.149 
      
I've inserted a begin-math/end-math symbol since I think
you left one out. Proceed, with fingers crossed.

chapters/09.tex:150: You can't use `macro parameter character #' in vertical mode.
l.150                 #
                        1. Line Cue Ball -> Ghost Ball (continuation of cue ...
Sorry, but I'm not programmed to handle this case;
I'll just pretend that you didn't ask for it.
If you're in the wrong mode, you might be able to
return to the right one by typing `I}' or `I$' or `I\par'.

chapters/09.tex:151: Missing $ inserted.
<inserted text> 
                $
l.151                 cv2.line(annotated_
                                         frame, cue_start_int, ghost_int, (2...
I've inserted a begin-math/end-math symbol since I think
you left one out. Proceed, with fingers crossed.

chapters/09.tex:152: Missing $ inserted.
<inserted text> 
                $
l.152 
      
I've inserted a begin-math/end-math symbol since I think
you left one out. Proceed, with fingers crossed.


Overfull \hbox (175.86674pt too wide) in paragraph at lines 150--152
[]\T1/cmtt/m/n/7 1. Line Cue Ball -> Ghost Ball (continuation of cue line) cv2.line(annotated$[]\OML/cmm/m/it/7 rame; cue[]tart[]nt; ghost[]nt; \OT1/cmr/m/n/7 (255\OML/cmm/m/it/7 ; \OT1/cmr/m/n/7 255\OML/cmm/m/it/7 ; \OT1/cmr/m/n/7 255)\OML/cmm/m/it/7 ; \OT1/cmr/m/n/7 2\OML/cmm/m/it/7 ; cv\OT1/cmr/m/n/7 2\OML/cmm/m/it/7 :LINE[]A\OT1/cmr/m/n/7 )$ 
 []

chapters/09.tex:153: You can't use `macro parameter character #' in vertical mode.
l.153                 #
                        Circle at ghost ball location
Sorry, but I'm not programmed to handle this case;
I'll just pretend that you didn't ask for it.
If you're in the wrong mode, you might be able to
return to the right one by typing `I}' or `I$' or `I\par'.

chapters/09.tex:154: Missing $ inserted.
<inserted text> 
                $
l.154                 cv2.circle(annotated_
                                           frame, ghost_int, int(BALL_DIAMET...
I've inserted a begin-math/end-math symbol since I think
you left one out. Proceed, with fingers crossed.

chapters/09.tex:155: Missing $ inserted.
<inserted text> 
                $
l.155 
      
I've inserted a begin-math/end-math symbol since I think
you left one out. Proceed, with fingers crossed.


Overfull \hbox (91.68141pt too wide) in paragraph at lines 153--155
[]\T1/cmtt/m/n/7 Circle at ghost ball location cv2.circle(annotated$[]\OML/cmm/m/it/7 rame; ghost[]nt; int\OT1/cmr/m/n/7 (\OML/cmm/m/it/7 BALL[]IAMETER[]X=\OT1/cmr/m/n/7 2)\OML/cmm/m/it/7 ; \OT1/cmr/m/n/7 (255\OML/cmm/m/it/7 ; \OT1/cmr/m/n/7 255\OML/cmm/m/it/7 ; \OT1/cmr/m/n/7 255)\OML/cmm/m/it/7 ; \OT1/cmr/m/n/7 1)$ 
 []

chapters/09.tex:156: You can't use `macro parameter character #' in vertical mode.
l.156                 #
                        Rebound physics
Sorry, but I'm not programmed to handle this case;
I'll just pretend that you didn't ask for it.
If you're in the wrong mode, you might be able to
return to the right one by typing `I}' or `I$' or `I\par'.

chapters/09.tex:157: Missing $ inserted.
<inserted text> 
                $
l.157                 impact_
                             vector = closest_target_ball - closest_ghost_ball
I've inserted a begin-math/end-math symbol since I think
you left one out. Proceed, with fingers crossed.

chapters/09.tex:159: Missing $ inserted.
<inserted text> 
                $
l.159 
      
I've inserted a begin-math/end-math symbol since I think
you left one out. Proceed, with fingers crossed.


Overfull \hbox (91.2695pt too wide) in paragraph at lines 156--159
[]\T1/cmtt/m/n/7 Rebound physics impact$[]\OML/cmm/m/it/7 ector \OT1/cmr/m/n/7 = \OML/cmm/m/it/7 closest[]arget[]all \OMS/cmsy/m/n/7 ^^@ \OML/cmm/m/it/7 closest[]host[]allimpact[]irection \OT1/cmr/m/n/7 = \OML/cmm/m/it/7 normalize[]ector\OT1/cmr/m/n/7 (\OML/cmm/m/it/7 impact[]ector\OT1/cmr/m/n/7 )$ 
 []

chapters/09.tex:160: Missing $ inserted.
<inserted text> 
                $
l.160                 tangent_
                              direction = np.array([-impact_direction[1], im...
I've inserted a begin-math/end-math symbol since I think
you left one out. Proceed, with fingers crossed.

chapters/09.tex:163: Missing $ inserted.
<inserted text> 
                $
l.163 
      
I've inserted a begin-math/end-math symbol since I think
you left one out. Proceed, with fingers crossed.


Overfull \hbox (83.15239pt too wide) in paragraph at lines 160--163
[]\T1/cmtt/m/n/7 tangent$[]\OML/cmm/m/it/7 irection \OT1/cmr/m/n/7 = \OML/cmm/m/it/7 np:array\OT1/cmr/m/n/7 ([\OMS/cmsy/m/n/7 ^^@\OML/cmm/m/it/7 impact[]irection\OT1/cmr/m/n/7 [1]\OML/cmm/m/it/7 ; impact[]irection\OT1/cmr/m/n/7 [0]])\OML/cmm/m/it/7 ifnp:dot\OT1/cmr/m/n/7 (\OML/cmm/m/it/7 tangent[]irection; aim[]irection\OT1/cmr/m/n/7 ) \OML/cmm/m/it/7 <
 []

chapters/09.tex:164: You can't use `macro parameter character #' in vertical mode.
l.164                 #
                        2. Target Ball Path (Green)
Sorry, but I'm not programmed to handle this case;
I'll just pretend that you didn't ask for it.
If you're in the wrong mode, you might be able to
return to the right one by typing `I}' or `I$' or `I\par'.

chapters/09.tex:165: Missing $ inserted.
<inserted text> 
                $
l.165                 target_
                             end_pos = closest_target_ball + impact_directio...
I've inserted a begin-math/end-math symbol since I think
you left one out. Proceed, with fingers crossed.

chapters/09.tex:167: Missing $ inserted.
<inserted text> 
                $
l.167 
      
I've inserted a begin-math/end-math symbol since I think
you left one out. Proceed, with fingers crossed.


Overfull \hbox (349.35435pt too wide) in paragraph at lines 164--167
[]\T1/cmtt/m/n/7 2. Target Ball Path (Green) target$[]\OML/cmm/m/it/7 nd[]os \OT1/cmr/m/n/7 = \OML/cmm/m/it/7 closest[]arget[]all \OT1/cmr/m/n/7 + \OML/cmm/m/it/7 impact[]irection \OMS/cmsy/m/n/7 ^^C \OT1/cmr/m/n/7 200\OML/cmm/m/it/7 cv\OT1/cmr/m/n/7 2\OML/cmm/m/it/7 :arrowedLine\OT1/cmr/m/n/7 (\OML/cmm/m/it/7 annotated[]rame; target[]nt; tuple\OT1/cmr/m/n/7 (\OML/cmm/m/it/7 target[]nd[]os:astype\OT1/cmr/m/n/7 (\OML/cmm/m/it/7 int\OT1/cmr/m/n/7 ))\OML/cmm/m/it/7 ; \OT1/cmr/m/n/7 (0\OML/cmm/m/it/7 ; \OT1/cmr/m/n/7 255\OML/cmm/m/it/7 ; \OT1/cmr/m/n/7 0)\OML/cmm/m/it/7 ; \OT1/cmr/m/n/7 4\OML/cmm/m/it/7 ; tipLength \OT1/cmr/m/n/7 =
 []

chapters/09.tex:168: You can't use `macro parameter character #' in vertical mode.
l.168                 #
                        3. Cue Ball Path (Yellow)
Sorry, but I'm not programmed to handle this case;
I'll just pretend that you didn't ask for it.
If you're in the wrong mode, you might be able to
return to the right one by typing `I}' or `I$' or `I\par'.

chapters/09.tex:169: Missing $ inserted.
<inserted text> 
                $
l.169                 cue_
                          end_pos = closest_ghost_ball + tangent_direction *...
I've inserted a begin-math/end-math symbol since I think
you left one out. Proceed, with fingers crossed.

chapters/09.tex:172: You can't use `macro parameter character #' in math mode.
l.172                 #
                        If no collision, draw line "to infinity" from the cu...
Sorry, but I'm not programmed to handle this case;
I'll just pretend that you didn't ask for it.
If you're in the wrong mode, you might be able to
return to the right one by typing `I}' or `I$' or `I\par'.

chapters/09.tex:175: Missing $ inserted.
<inserted text> 
                $
l.175 
      
I've inserted a begin-math/end-math symbol since I think
you left one out. Proceed, with fingers crossed.


Overfull \hbox (326.18904pt too wide) in paragraph at lines 168--175
[]\T1/cmtt/m/n/7 3. Cue Ball Path (Yellow) cue$[]\OML/cmm/m/it/7 nd[]os \OT1/cmr/m/n/7 = \OML/cmm/m/it/7 closest[]host[]all \OT1/cmr/m/n/7 + \OML/cmm/m/it/7 tangent[]irection \OMS/cmsy/m/n/7 ^^C \OT1/cmr/m/n/7 200\OML/cmm/m/it/7 cv\OT1/cmr/m/n/7 2\OML/cmm/m/it/7 :arrowedLine\OT1/cmr/m/n/7 (\OML/cmm/m/it/7 annotated[]rame; ghost[]nt; tuple\OT1/cmr/m/n/7 (\OML/cmm/m/it/7 cue[]nd[]os:astype\OT1/cmr/m/n/7 (\OML/cmm/m/it/7 int\OT1/cmr/m/n/7 ))\OML/cmm/m/it/7 ; \OT1/cmr/m/n/7 (0\OML/cmm/m/it/7 ; \OT1/cmr/m/n/7 255\OML/cmm/m/it/7 ; \OT1/cmr/m/n/7 255)\OML/cmm/m/it/7 ; \OT1/cmr/m/n/7 4\OML/cmm/m/it/7 ; tipLength \OT1/cmr/m/n/7 =
 []


Overfull \hbox (95.54298pt too wide) in paragraph at lines 168--175
\OML/cmm/m/it/7 aim[]irection \OMS/cmsy/m/n/7 ^^C \OT1/cmr/m/n/7 1000\OML/cmm/m/it/7 cv\OT1/cmr/m/n/7 2\OML/cmm/m/it/7 :line\OT1/cmr/m/n/7 (\OML/cmm/m/it/7 annotated[]rame; cue[]tart[]nt; tuple\OT1/cmr/m/n/7 (\OML/cmm/m/it/7 infinity[]oint:astype\OT1/cmr/m/n/7 (\OML/cmm/m/it/7 int\OT1/cmr/m/n/7 ))\OML/cmm/m/it/7 ; \OT1/cmr/m/n/7 (200\OML/cmm/m/it/7 ; \OT1/cmr/m/n/7 200\OML/cmm/m/it/7 ; \OT1/cmr/m/n/7 200)\OML/cmm/m/it/7 ; \OT1/cmr/m/n/7 1\OML/cmm/m/it/7 ; cv\OT1/cmr/m/n/7 2\OML/cmm/m/it/7 :LINE[]A\OT1/cmr/m/n/7 )$ 
 []

chapters/09.tex:176: Missing $ inserted.
<inserted text> 
                $
l.176 ...ow("Billiards AI - Full Path", annotated_
                                                  frame)
I've inserted a begin-math/end-math symbol since I think
you left one out. Proceed, with fingers crossed.

chapters/09.tex:177: Misplaced alignment tab character &.
l.177         if cv2.waitKey(1) &
                                  0xFF == ord('q'):
I can't figure out why you would want to use a tab mark
here. If you just want an ampersand, the remedy is
simple: Just type `I\&' now. But if some right brace
up above has ended a previous alignment prematurely,
you're probably due for more error messages, and you
might try typing `S' now just to see what is salvageable.

chapters/09.tex:179: Missing $ inserted.
<inserted text> 
                $
l.179 
      
I've inserted a begin-math/end-math symbol since I think
you left one out. Proceed, with fingers crossed.


Overfull \hbox (8.4567pt too wide) in paragraph at lines 176--179
[]\T1/cmtt/m/n/7 cv2.imshow("Billiards AI - Full Path", annotated$[]\OML/cmm/m/it/7 rame\OT1/cmr/m/n/7 )\OML/cmm/m/it/7 ifcv\OT1/cmr/m/n/7 2\OML/cmm/m/it/7 :waitKey\OT1/cmr/m/n/7 (1)0\OML/cmm/m/it/7 xFF \OT1/cmr/m/n/7 == \OML/cmm/m/it/7 ord\OT1/cmr/m/n/7 ([]\OML/cmm/m/it/7 q[]\OT1/cmr/m/n/7 ) :
 []

chapters/09.tex:183: Missing $ inserted.
<inserted text> 
                $
l.183 if _
          _name__ == "__main__":
I've inserted a begin-math/end-math symbol since I think
you left one out. Proceed, with fingers crossed.

chapters/09.tex:183: Missing { inserted.
<to be read again> 
                   _
l.183 if __
           name__ == "__main__":
A left brace was mandatory here, so I've put one in.
You might want to delete and/or insert some corrections
so that I will find a matching right brace soon.
(If you're confused by all this, try typing `I}' now.)

chapters/09.tex:183: Missing { inserted.
<to be read again> 
                   _
l.183 if __name__
                  == "__main__":
A left brace was mandatory here, so I've put one in.
You might want to delete and/or insert some corrections
so that I will find a matching right brace soon.
(If you're confused by all this, try typing `I}' now.)

chapters/09.tex:183: Missing { inserted.
<to be read again> 
                   _
l.183 if __name__ == "__
                        main__":
A left brace was mandatory here, so I've put one in.
You might want to delete and/or insert some corrections
so that I will find a matching right brace soon.
(If you're confused by all this, try typing `I}' now.)

chapters/09.tex:183: Missing { inserted.
<to be read again> 
                   _
l.183 if __name__ == "__main__
                              ":
A left brace was mandatory here, so I've put one in.
You might want to delete and/or insert some corrections
so that I will find a matching right brace soon.
(If you're confused by all this, try typing `I}' now.)


chapters/09.tex:185: LaTeX Error: \begin{document} ended by \end{lstlisting}.

See the LaTeX manual or LaTeX Companion for explanation.
Type  H <return>  for immediate help.
 ...                                              
                                                  
l.185 \end{lstlisting}
                      
Your command was ignored.
Type  I <command> <return>  to replace it with another command,
or  <return>  to continue without it.

chapters/09.tex:185: Missing } inserted.
<inserted text> 
                }
l.185 \end{lstlisting}
                      
I've inserted something that you may have forgotten.
(See the <inserted text> above.)
With luck, this will get me unwedged. But if you
really didn't forget anything, try typing `2' now; then
my insertion and my current dilemma will both disappear.

chapters/09.tex:185: Missing } inserted.
<inserted text> 
                }
l.185 \end{lstlisting}
                      
I've inserted something that you may have forgotten.
(See the <inserted text> above.)
With luck, this will get me unwedged. But if you
really didn't forget anything, try typing `2' now; then
my insertion and my current dilemma will both disappear.

chapters/09.tex:185: Missing } inserted.
<inserted text> 
                }
l.185 \end{lstlisting}
                      
I've inserted something that you may have forgotten.
(See the <inserted text> above.)
With luck, this will get me unwedged. But if you
really didn't forget anything, try typing `2' now; then
my insertion and my current dilemma will both disappear.

chapters/09.tex:185: Missing } inserted.
<inserted text> 
                }
l.185 \end{lstlisting}
                      
I've inserted something that you may have forgotten.
(See the <inserted text> above.)
With luck, this will get me unwedged. But if you
really didn't forget anything, try typing `2' now; then
my insertion and my current dilemma will both disappear.

chapters/09.tex:185: Missing $ inserted.
<inserted text> 
                $
l.185 \end{lstlisting}
                      
I've inserted something that you may have forgotten.
(See the <inserted text> above.)
With luck, this will get me unwedged. But if you
really didn't forget anything, try typing `2' now; then
my insertion and my current dilemma will both disappear.

chapters/09.tex:185: Missing } inserted.
<inserted text> 
                }
l.185 \end{lstlisting}
                      
I've inserted something that you may have forgotten.
(See the <inserted text> above.)
With luck, this will get me unwedged. But if you
really didn't forget anything, try typing `2' now; then
my insertion and my current dilemma will both disappear.


chapters/09.tex:190: LaTeX Error: Environment lstlisting undefined.

See the LaTeX manual or LaTeX Companion for explanation.
Type  H <return>  for immediate help.
 ...                                              
                                                  
l.190 \begin{lstlisting}
                        [language=Python, basicstyle=\ttfamily\scriptsize, b...
Your command was ignored.
Type  I <command> <return>  to replace it with another command,
or  <return>  to continue without it.

chapters/09.tex:190: Missing $ inserted.
<inserted text> 
                $
l.190 ...dule implementation}, label={lst:sensors_
                                                  py}]
I've inserted a begin-math/end-math symbol since I think
you left one out. Proceed, with fingers crossed.

chapters/09.tex:190: Extra }, or forgotten $.
l.190 ...e implementation}, label={lst:sensors_py}
                                                  ]
I've deleted a group-closing symbol because it seems to be
spurious, as in `$x}$'. But perhaps the } is legitimate and
you forgot something else, as in `\hbox{$x}'. In such cases
the way to recover is to insert both the forgotten and the
deleted material, e.g., by typing `I$}'.

chapters/09.tex:203: Missing $ inserted.
<inserted text> 
                $
l.203 
      
I've inserted a begin-math/end-math symbol since I think
you left one out. Proceed, with fingers crossed.


Overfull \hbox (25.06909pt too wide) in paragraph at lines 190--203
[]\T1/cmr/m/n/10 [language=Python, ba-sic-style=\T1/cmtt/m/n/7 , breaklines=true, caption=Telemetry Module implementation,
 []


Overfull \hbox (405.63611pt too wide) in paragraph at lines 190--203
\T1/cmtt/m/n/7 label=lst:sensors$[]\OML/cmm/m/it/7 y\OT1/cmr/m/n/7 ]\OML/cmm/m/it/7 importcv\OT1/cmr/m/n/7 2\OML/cmm/m/it/7 importnumpyasnpimportmathimportsocketimportjsonimportthreadingimporttimeimportcsvimportosfromdatetimeimportdatetimefromcollectionsimportdequeimportitertools$ 
 []

chapters/09.tex:204: You can't use `macro parameter character #' in vertical mode.
l.204 #
        --- CONFIGURATION ---
Sorry, but I'm not programmed to handle this case;
I'll just pretend that you didn't ask for it.
If you're in the wrong mode, you might be able to
return to the right one by typing `I}' or `I$' or `I\par'.

chapters/09.tex:206: Missing $ inserted.
<inserted text> 
                $
l.206 HISTORY_
              SIZE = 200
I've inserted a begin-math/end-math symbol since I think
you left one out. Proceed, with fingers crossed.

chapters/09.tex:208: Missing $ inserted.
<inserted text> 
                $
l.208 
      
I've inserted a begin-math/end-math symbol since I think
you left one out. Proceed, with fingers crossed.

chapters/09.tex:209: You can't use `macro parameter character #' in vertical mode.
l.209 #
        Files and Folders
Sorry, but I'm not programmed to handle this case;
I'll just pretend that you didn't ask for it.
If you're in the wrong mode, you might be able to
return to the right one by typing `I}' or `I$' or `I\par'.

chapters/09.tex:210: Missing $ inserted.
<inserted text> 
                $
l.210 CSV_
          FILE = "hit_history.csv"
I've inserted a begin-math/end-math symbol since I think
you left one out. Proceed, with fingers crossed.

chapters/09.tex:212: Missing $ inserted.
<inserted text> 
                $
l.212 
      
I've inserted a begin-math/end-math symbol since I think
you left one out. Proceed, with fingers crossed.

chapters/09.tex:213: You can't use `macro parameter character #' in vertical mode.
l.213 #
        Delays
Sorry, but I'm not programmed to handle this case;
I'll just pretend that you didn't ask for it.
If you're in the wrong mode, you might be able to
return to the right one by typing `I}' or `I$' or `I\par'.

chapters/09.tex:214: Missing $ inserted.
<inserted text> 
                $
l.214 DELAY_
            SNAPSHOT_1 = 0.8
I've inserted a begin-math/end-math symbol since I think
you left one out. Proceed, with fingers crossed.

chapters/09.tex:216: Missing $ inserted.
<inserted text> 
                $
l.216 
      
I've inserted a begin-math/end-math symbol since I think
you left one out. Proceed, with fingers crossed.

chapters/09.tex:217: You can't use `macro parameter character #' in vertical mode.
l.217 #
        --- DATA FROM PLAGENHOEF ET AL. (1983) ---
Sorry, but I'm not programmed to handle this case;
I'll just pretend that you didn't ask for it.
If you're in the wrong mode, you might be able to
return to the right one by typing `I}' or `I$' or `I\par'.

chapters/09.tex:218: You can't use `macro parameter character #' in horizontal mode.
l.218 #
        Sum of Hand + Forearm + Upper Arm percentages
Sorry, but I'm not programmed to handle this case;
I'll just pretend that you didn't ask for it.
If you're in the wrong mode, you might be able to
return to the right one by typing `I}' or `I$' or `I\par'.

chapters/09.tex:219: You can't use `macro parameter character #' in horizontal mode.
l.219 #
        Source: Table 4, Segment Weights as Percentages of Total Body Weight
Sorry, but I'm not programmed to handle this case;
I'll just pretend that you didn't ask for it.
If you're in the wrong mode, you might be able to
return to the right one by typing `I}' or `I$' or `I\par'.

chapters/09.tex:220: Missing $ inserted.
<inserted text> 
                $
l.220 ARM_
          PERCENTAGE_MALE = 0.0577    # 0.65% + 1.87% + 3.25%
I've inserted a begin-math/end-math symbol since I think
you left one out. Proceed, with fingers crossed.

chapters/09.tex:220: You can't use `macro parameter character #' in math mode.
l.220 ARM_PERCENTAGE_MALE = 0.0577    #
                                        0.65% + 1.87% + 3.25%
Sorry, but I'm not programmed to handle this case;
I'll just pretend that you didn't ask for it.
If you're in the wrong mode, you might be able to
return to the right one by typing `I}' or `I$' or `I\par'.

chapters/09.tex:221: You can't use `macro parameter character #' in math mode.
l.221 ARM_PERCENTAGE_FEMALE = 0.0497  #
                                        0.5% + 1.57% + 2.9%
Sorry, but I'm not programmed to handle this case;
I'll just pretend that you didn't ask for it.
If you're in the wrong mode, you might be able to
return to the right one by typing `I}' or `I$' or `I\par'.

chapters/09.tex:222: Missing $ inserted.
<inserted text> 
                $
l.222 
      
I've inserted a begin-math/end-math symbol since I think
you left one out. Proceed, with fingers crossed.


Overfull \hbox (26.91211pt too wide) in paragraph at lines 217--222
[]\T1/cmtt/m/n/7 --- DATA FROM PLAGENHOEF ET AL. (1983) ---  Sum of Hand + Forearm + Upper Arm percentages  Source:
 []


Overfull \hbox (154.77457pt too wide) in paragraph at lines 217--222
\T1/cmtt/m/n/7 Table 4, Segment Weights as Percentages of Total Body Weight ARM$[]\OML/cmm/m/it/7 ERCENTAGE[]ALE \OT1/cmr/m/n/7 = 0\OML/cmm/m/it/7 :\OT1/cmr/m/n/7 05770\OML/cmm/m/it/7 :\OT1/cmr/m/n/7 65\OML/cmm/m/it/7 ARM[]ERCENTAGE[]EMALE \OT1/cmr/m/n/7 =
 []

chapters/09.tex:223: Missing $ inserted.
<inserted text> 
                $
l.223 def load_
               arm_mass():
I've inserted a begin-math/end-math symbol since I think
you left one out. Proceed, with fingers crossed.

chapters/09.tex:228: Missing $ inserted.
<inserted text> 
                $
l.228 
      
I've inserted a begin-math/end-math symbol since I think
you left one out. Proceed, with fingers crossed.


Overfull \hbox (26.23679pt too wide) in paragraph at lines 223--228
[]\T1/cmtt/m/n/7 def load$[]\OML/cmm/m/it/7 rm[]ass\OT1/cmr/m/n/7 () : """\OML/cmm/m/it/7 CalculatesarmmassbasedonPlagenhoefetal:\OT1/cmr/m/n/7 (1983)\OML/cmm/m/it/7 data:\OT1/cmr/m/n/7 """\OML/cmm/m/it/7 default[]ass \OT1/cmr/m/n/7 =
 []

chapters/09.tex:229: Missing $ inserted.
<inserted text> 
                $
l.229     if not os.path.exists(CONFIG_
                                       FILE):
I've inserted a begin-math/end-math symbol since I think
you left one out. Proceed, with fingers crossed.

chapters/09.tex:232: Missing $ inserted.
<inserted text> 
                $
l.232 
      
I've inserted a begin-math/end-math symbol since I think
you left one out. Proceed, with fingers crossed.


Overfull \hbox (1.70532pt too wide) in paragraph at lines 229--232
[]\T1/cmtt/m/n/7 if not os.path.exists(CONFIG$[]\OML/cmm/m/it/7 ILE\OT1/cmr/m/n/7 ) : \OML/cmm/m/it/7 print\OT1/cmr/m/n/7 (\OML/cmm/m/it/7 f\OT1/cmr/m/n/7 "\OML/cmm/m/it/7 Configfilenotfound:Usingdefaultarmmass \OT1/cmr/m/n/7 :
 []

chapters/09.tex:234: Missing $ inserted.
<inserted text> 
                $
l.234         with open(CONFIG_
                               FILE, 'r') as f:
I've inserted a begin-math/end-math symbol since I think
you left one out. Proceed, with fingers crossed.

chapters/09.tex:236: Missing $ inserted.
<inserted text> 
                $
l.236 
      
I've inserted a begin-math/end-math symbol since I think
you left one out. Proceed, with fingers crossed.

chapters/09.tex:237: Missing $ inserted.
<inserted text> 
                $
l.237         weight = float(config.get("body_
                                              weight_kg", 75.0))
I've inserted a begin-math/end-math symbol since I think
you left one out. Proceed, with fingers crossed.

chapters/09.tex:239: Missing $ inserted.
<inserted text> 
                $
l.239 
      
I've inserted a begin-math/end-math symbol since I think
you left one out. Proceed, with fingers crossed.


Overfull \hbox (16.52934pt too wide) in paragraph at lines 237--239
[]\T1/cmtt/m/n/7 weight = float(config.get("body$[]\OML/cmm/m/it/7 eight[]g\OT1/cmr/m/n/7 "\OML/cmm/m/it/7 ; \OT1/cmr/m/n/7 75\OML/cmm/m/it/7 :\OT1/cmr/m/n/7 0))\OML/cmm/m/it/7 gender \OT1/cmr/m/n/7 = \OML/cmm/m/it/7 config:get\OT1/cmr/m/n/7 ("\OML/cmm/m/it/7 gender\OT1/cmr/m/n/7 "\OML/cmm/m/it/7 ; \OT1/cmr/m/n/7 "\OML/cmm/m/it/7 male\OT1/cmr/m/n/7 ")\OML/cmm/m/it/7 :lower\OT1/cmr/m/n/7 ()$ 
 []

chapters/09.tex:240: You can't use `macro parameter character #' in vertical mode.
l.240         #
                Calculate biological arm mass based on research percentages
Sorry, but I'm not programmed to handle this case;
I'll just pretend that you didn't ask for it.
If you're in the wrong mode, you might be able to
return to the right one by typing `I}' or `I$' or `I\par'.

[32]
chapters/09.tex:242: Missing $ inserted.
<inserted text> 
                $
l.242             bio_
                      arm_mass = weight * ARM_PERCENTAGE_FEMALE
I've inserted a begin-math/end-math symbol since I think
you left one out. Proceed, with fingers crossed.

chapters/09.tex:247: Missing $ inserted.
<inserted text> 
                $
l.247 
      
I've inserted a begin-math/end-math symbol since I think
you left one out. Proceed, with fingers crossed.


Overfull \hbox (35.78969pt too wide) in paragraph at lines 240--247
[]\T1/cmtt/m/n/7 Calculate biological arm mass based on research percentages if gender == "female": bio$[]\OML/cmm/m/it/7 rm[]ass \OT1/cmr/m/n/7 =
 []


Overfull \hbox (125.67995pt too wide) in paragraph at lines 240--247
\OML/cmm/m/it/7 Armmass \OT1/cmr/m/n/7 : []\OML/cmm/m/it/7 kg\OT1/cmr/m/n/7 (4\OML/cmm/m/it/7 :\OT1/cmr/m/n/7 97\OML/cmm/m/it/7 else \OT1/cmr/m/n/7 : \OML/cmm/m/it/7 bio[]rm[]ass \OT1/cmr/m/n/7 = \OML/cmm/m/it/7 weight \OMS/cmsy/m/n/7 ^^C \OML/cmm/m/it/7 ARM[]ERCENTAGE[]ALEprint\OT1/cmr/m/n/7 (\OML/cmm/m/it/7 f\OT1/cmr/m/n/7 "\OML/cmm/m/it/7 LoadedsettingsforMALE \OT1/cmr/m/n/7 :
 []

chapters/09.tex:248: Missing $ inserted.
<inserted text> 
                $
l.248         total_
                    mass = bio_arm_mass
I've inserted a begin-math/end-math symbol since I think
you left one out. Proceed, with fingers crossed.

chapters/09.tex:251: Missing $ inserted.
<inserted text> 
                $
l.251 
      
I've inserted a begin-math/end-math symbol since I think
you left one out. Proceed, with fingers crossed.


Overfull \hbox (24.3648pt too wide) in paragraph at lines 248--251
[]\T1/cmtt/m/n/7 total$[]\OML/cmm/m/it/7 ass \OT1/cmr/m/n/7 = \OML/cmm/m/it/7 bio[]rm[]assprint\OT1/cmr/m/n/7 (\OML/cmm/m/it/7 f\OT1/cmr/m/n/7 "\OML/cmm/m/it/7 TotalEffectiveMass\OT1/cmr/m/n/7 (\OML/cmm/m/it/7 Bio\OT1/cmr/m/n/7 ) : []\OML/cmm/m/it/7 kg\OT1/cmr/m/n/7 ")\OML/cmm/m/it/7 returntotal[]ass$ 
 []

chapters/09.tex:253: Missing $ inserted.
<inserted text> 
                $
l.253 ...ing config: {e}. Using default: {default_
                                                  mass} kg")
I've inserted a begin-math/end-math symbol since I think
you left one out. Proceed, with fingers crossed.

chapters/09.tex:253: Extra }, or forgotten $.
l.253 ...onfig: {e}. Using default: {default_mass}
                                                   kg")
I've deleted a group-closing symbol because it seems to be
spurious, as in `$x}$'. But perhaps the } is legitimate and
you forgot something else, as in `\hbox{$x}'. In such cases
the way to recover is to insert both the forgotten and the
deleted material, e.g., by typing `I$}'.

chapters/09.tex:255: Missing $ inserted.
<inserted text> 
                $
l.255 
      
I've inserted a begin-math/end-math symbol since I think
you left one out. Proceed, with fingers crossed.


Overfull \hbox (79.23897pt too wide) in paragraph at lines 252--255
[]\T1/cmtt/m/n/7 except Exception as e: print(f"Error reading config: e. Using default: default$[]\OML/cmm/m/it/7 asskg\OT1/cmr/m/n/7 ")\OML/cmm/m/it/7 returndefault[]ass$ 
 []

chapters/09.tex:256: You can't use `macro parameter character #' in vertical mode.
l.256 #
        PHYSICAL CONSTANTS - CALCULATED DYNAMICALLY
Sorry, but I'm not programmed to handle this case;
I'll just pretend that you didn't ask for it.
If you're in the wrong mode, you might be able to
return to the right one by typing `I}' or `I$' or `I\par'.

chapters/09.tex:257: Missing $ inserted.
<inserted text> 
                $
l.257 ESTIMATED_
                ARM_MASS = load_arm_mass()
I've inserted a begin-math/end-math symbol since I think
you left one out. Proceed, with fingers crossed.

chapters/09.tex:258: Missing $ inserted.
<inserted text> 
                $
l.258 
      
I've inserted a begin-math/end-math symbol since I think
you left one out. Proceed, with fingers crossed.

chapters/09.tex:259: You can't use `macro parameter character #' in vertical mode.
l.259 #
        Thresholds
Sorry, but I'm not programmed to handle this case;
I'll just pretend that you didn't ask for it.
If you're in the wrong mode, you might be able to
return to the right one by typing `I}' or `I$' or `I\par'.

chapters/09.tex:260: Missing $ inserted.
<inserted text> 
                $
l.260 THRESHOLD_
                HIT = 20.0  # m/s^2 (Hit detection threshold)
I've inserted a begin-math/end-math symbol since I think
you left one out. Proceed, with fingers crossed.

chapters/09.tex:260: You can't use `macro parameter character #' in math mode.
l.260 THRESHOLD_HIT = 20.0  #
                              m/s^2 (Hit detection threshold)
Sorry, but I'm not programmed to handle this case;
I'll just pretend that you didn't ask for it.
If you're in the wrong mode, you might be able to
return to the right one by typing `I}' or `I$' or `I\par'.

chapters/09.tex:261: You can't use `macro parameter character #' in math mode.
l.261 THRESHOLD_PEAK = 15.0 #
                              m/s^2 (Threshold to recognize a peak in accele...
Sorry, but I'm not programmed to handle this case;
I'll just pretend that you didn't ask for it.
If you're in the wrong mode, you might be able to
return to the right one by typing `I}' or `I$' or `I\par'.

chapters/09.tex:262: Missing $ inserted.
<inserted text> 
                $
l.262 
      
I've inserted a begin-math/end-math symbol since I think
you left one out. Proceed, with fingers crossed.


Overfull \hbox (175.47652pt too wide) in paragraph at lines 259--262
[]\T1/cmtt/m/n/7 Thresholds THRESHOLD$[]\OML/cmm/m/it/7 IT \OT1/cmr/m/n/7 = 20\OML/cmm/m/it/7 :\OT1/cmr/m/n/7 0\OML/cmm/m/it/7 m=s[]\OT1/cmr/m/n/7 (\OML/cmm/m/it/7 Hitdetectionthreshold\OT1/cmr/m/n/7 )\OML/cmm/m/it/7 THRESHOLD[]EAK \OT1/cmr/m/n/7 = 15\OML/cmm/m/it/7 :\OT1/cmr/m/n/7 0\OML/cmm/m/it/7 m=s[]\OT1/cmr/m/n/7 (\OML/cmm/m/it/7 Thresholdtorecognizeapeakinacceleration\OT1/cmr/m/n/7 )$ 
 []

chapters/09.tex:263: You can't use `macro parameter character #' in vertical mode.
l.263 #
        --- GLOBAL VARIABLES ---
Sorry, but I'm not programmed to handle this case;
I'll just pretend that you didn't ask for it.
If you're in the wrong mode, you might be able to
return to the right one by typing `I}' or `I$' or `I\par'.

chapters/09.tex:264: Missing $ inserted.
<inserted text> 
                $
l.264 sensor_
             data = {
I've inserted a begin-math/end-math symbol since I think
you left one out. Proceed, with fingers crossed.

chapters/09.tex:269: Missing $ inserted.
<inserted text> 
                $
l.269 
      
I've inserted a begin-math/end-math symbol since I think
you left one out. Proceed, with fingers crossed.


Overfull \hbox (143.60567pt too wide) in paragraph at lines 263--269
[]\T1/cmtt/m/n/7 --- GLOBAL VARIABLES --- sensor$[]\OML/cmm/m/it/7 ata \OT1/cmr/m/n/7 = []$ 
 []

chapters/09.tex:270: You can't use `macro parameter character #' in vertical mode.
l.270 #
        Session Peaks
Sorry, but I'm not programmed to handle this case;
I'll just pretend that you didn't ask for it.
If you're in the wrong mode, you might be able to
return to the right one by typing `I}' or `I$' or `I\par'.

chapters/09.tex:271: Missing $ inserted.
<inserted text> 
                $
l.271 peak_
           acc_current = 0.0    # m/s^2
I've inserted a begin-math/end-math symbol since I think
you left one out. Proceed, with fingers crossed.

chapters/09.tex:271: You can't use `macro parameter character #' in math mode.
l.271 peak_acc_current = 0.0    #
                                  m/s^2
Sorry, but I'm not programmed to handle this case;
I'll just pretend that you didn't ask for it.
If you're in the wrong mode, you might be able to
return to the right one by typing `I}' or `I$' or `I\par'.

chapters/09.tex:272: Double subscript.
l.272 peak_force_n_
                   current = 0.0 # N (Newtons)
I treat `x_1_2' essentially like `x_1{}_2'.

chapters/09.tex:272: You can't use `macro parameter character #' in math mode.
l.272 peak_force_n_current = 0.0 #
                                   N (Newtons)
Sorry, but I'm not programmed to handle this case;
I'll just pretend that you didn't ask for it.
If you're in the wrong mode, you might be able to
return to the right one by typing `I}' or `I$' or `I\par'.

chapters/09.tex:273: You can't use `macro parameter character #' in math mode.
l.273 peak_gyro_current = 0.0   #
                                  deg/s
Sorry, but I'm not programmed to handle this case;
I'll just pretend that you didn't ask for it.
If you're in the wrong mode, you might be able to
return to the right one by typing `I}' or `I$' or `I\par'.

chapters/09.tex:274: Missing $ inserted.
<inserted text> 
                $
l.274 
      
I've inserted a begin-math/end-math symbol since I think
you left one out. Proceed, with fingers crossed.


Overfull \hbox (21.97914pt too wide) in paragraph at lines 270--274
[]\T1/cmtt/m/n/7 Session Peaks peak$[]\OML/cmm/m/it/7 cc[]urrent \OT1/cmr/m/n/7 = 0\OML/cmm/m/it/7 :\OT1/cmr/m/n/7 0\OML/cmm/m/it/7 m=s[]peak[]orce[][]urrent \OT1/cmr/m/n/7 = 0\OML/cmm/m/it/7 :\OT1/cmr/m/n/7 0\OML/cmm/m/it/7 N\OT1/cmr/m/n/7 (\OML/cmm/m/it/7 Newtons\OT1/cmr/m/n/7 )\OML/cmm/m/it/7 peak[]yro[]urrent \OT1/cmr/m/n/7 =
 []

chapters/09.tex:275: You can't use `macro parameter character #' in vertical mode.
l.275 #
        History Deques
Sorry, but I'm not programmed to handle this case;
I'll just pretend that you didn't ask for it.
If you're in the wrong mode, you might be able to
return to the right one by typing `I}' or `I$' or `I\par'.

chapters/09.tex:276: Missing $ inserted.
<inserted text> 
                $
l.276 history_
              acc = deque([0]*HISTORY_SIZE, maxlen=HISTORY_SIZE)    # Accele...
I've inserted a begin-math/end-math symbol since I think
you left one out. Proceed, with fingers crossed.

chapters/09.tex:276: You can't use `macro parameter character #' in math mode.
l.276 ...]*HISTORY_SIZE, maxlen=HISTORY_SIZE)    #
                                                   Acceleration
Sorry, but I'm not programmed to handle this case;
I'll just pretend that you didn't ask for it.
If you're in the wrong mode, you might be able to
return to the right one by typing `I}' or `I$' or `I\par'.

chapters/09.tex:277: You can't use `macro parameter character #' in math mode.
l.277 ...([0]*HISTORY_SIZE, maxlen=HISTORY_SIZE) #
                                                   Force (N)
Sorry, but I'm not programmed to handle this case;
I'll just pretend that you didn't ask for it.
If you're in the wrong mode, you might be able to
return to the right one by typing `I}' or `I$' or `I\par'.

chapters/09.tex:278: You can't use `macro parameter character #' in math mode.
l.278 ...0]*HISTORY_SIZE, maxlen=HISTORY_SIZE)   #
                                                   Rotation
Sorry, but I'm not programmed to handle this case;
I'll just pretend that you didn't ask for it.
If you're in the wrong mode, you might be able to
return to the right one by typing `I}' or `I$' or `I\par'.

chapters/09.tex:279: Missing $ inserted.
<inserted text> 
                $
l.279 
      
I've inserted a begin-math/end-math symbol since I think
you left one out. Proceed, with fingers crossed.


Overfull \hbox (81.88676pt too wide) in paragraph at lines 275--279
[]\T1/cmtt/m/n/7 History Deques history$[]\OML/cmm/m/it/7 cc \OT1/cmr/m/n/7 = \OML/cmm/m/it/7 deque\OT1/cmr/m/n/7 ([0] \OMS/cmsy/m/n/7 ^^C \OML/cmm/m/it/7 HISTORY[]IZE; maxlen \OT1/cmr/m/n/7 = \OML/cmm/m/it/7 HISTORY[]IZE\OT1/cmr/m/n/7 )\OML/cmm/m/it/7 Accelerationhistory[]orce[] \OT1/cmr/m/n/7 =
 []

chapters/09.tex:280: Missing $ inserted.
<inserted text> 
                $
l.280 shot_
           trigger_time = 0
I've inserted a begin-math/end-math symbol since I think
you left one out. Proceed, with fingers crossed.

chapters/09.tex:283: Missing $ inserted.
<inserted text> 
                $
l.283 
      
I've inserted a begin-math/end-math symbol since I think
you left one out. Proceed, with fingers crossed.

chapters/09.tex:284: You can't use `macro parameter character #' in vertical mode.
l.284 #
        Variables to save (Values from impact moment)
Sorry, but I'm not programmed to handle this case;
I'll just pretend that you didn't ask for it.
If you're in the wrong mode, you might be able to
return to the right one by typing `I}' or `I$' or `I\par'.

chapters/09.tex:285: Missing $ inserted.
<inserted text> 
                $
l.285 saved_
            acc = 0.0
I've inserted a begin-math/end-math symbol since I think
you left one out. Proceed, with fingers crossed.

chapters/09.tex:288: Missing $ inserted.
<inserted text> 
                $
l.288 
      
I've inserted a begin-math/end-math symbol since I think
you left one out. Proceed, with fingers crossed.


Overfull \hbox (3.28421pt too wide) in paragraph at lines 284--288
[]\T1/cmtt/m/n/7 Variables to save (Values from impact moment) saved$[]\OML/cmm/m/it/7 cc \OT1/cmr/m/n/7 = 0\OML/cmm/m/it/7 :\OT1/cmr/m/n/7 0\OML/cmm/m/it/7 saved[]orce[] \OT1/cmr/m/n/7 = 0\OML/cmm/m/it/7 :\OT1/cmr/m/n/7 0\OML/cmm/m/it/7 saved[]yro \OT1/cmr/m/n/7 =
 []

chapters/09.tex:289: You can't use `macro parameter character #' in vertical mode.
l.289 #
        Function to save file, updated with Newtons
Sorry, but I'm not programmed to handle this case;
I'll just pretend that you didn't ask for it.
If you're in the wrong mode, you might be able to
return to the right one by typing `I}' or `I$' or `I\par'.

chapters/09.tex:290: Missing $ inserted.
<inserted text> 
                $
l.290 def save_
               file(val_acc, val_force_n, val_gyro, image_snapshot):
I've inserted a begin-math/end-math symbol since I think
you left one out. Proceed, with fingers crossed.

chapters/09.tex:293: Missing $ inserted.
<inserted text> 
                $
l.293 
      
I've inserted a begin-math/end-math symbol since I think
you left one out. Proceed, with fingers crossed.


Overfull \hbox (39.82611pt too wide) in paragraph at lines 289--293
[]\T1/cmtt/m/n/7 Function to save file, updated with Newtons def save$[]\OML/cmm/m/it/7 ile\OT1/cmr/m/n/7 (\OML/cmm/m/it/7 val[]cc; val[]orce[]; val[]yro; image[]napshot\OT1/cmr/m/n/7 ) :
 []

chapters/09.tex:296: You can't use `macro parameter character #' in horizontal mode.
l.296     #
            Save only one type of image (MOMENT)
Sorry, but I'm not programmed to handle this case;
I'll just pretend that you didn't ask for it.
If you're in the wrong mode, you might be able to
return to the right one by typing `I}' or `I$' or `I\par'.

chapters/09.tex:297: Missing $ inserted.
<inserted text> 
                $
l.297     png_
              filename = f"{IMAGE_FOLDER}/hit_{timestamp}_MOMENT.png"
I've inserted a begin-math/end-math symbol since I think
you left one out. Proceed, with fingers crossed.

chapters/09.tex:297: Double subscript.
l.297 ...ename = f"{IMAGE_FOLDER}/hit_{timestamp}_
                                                  MOMENT.png"
I treat `x_1_2' essentially like `x_1{}_2'.

chapters/09.tex:298: Missing $ inserted.
<inserted text> 
                $
l.298 
      
I've inserted a begin-math/end-math symbol since I think
you left one out. Proceed, with fingers crossed.


Overfull \hbox (39.45909pt too wide) in paragraph at lines 294--298
[]\T1/cmtt/m/n/7 now = datetime.now() timestamp = now.strftime(" Save only one type of image (MOMENT) png$[]\OML/cmm/m/it/7 ilename \OT1/cmr/m/n/7 =
 []

chapters/09.tex:299: You can't use `macro parameter character #' in vertical mode.
l.299     #
            Background for text
Sorry, but I'm not programmed to handle this case;
I'll just pretend that you didn't ask for it.
If you're in the wrong mode, you might be able to
return to the right one by typing `I}' or `I$' or `I\par'.

chapters/09.tex:300: Missing $ inserted.
<inserted text> 
                $
l.300     cv2.rectangle(image_
                              snapshot, (0, 550), (800, 600), (0, 0, 0), -1)
I've inserted a begin-math/end-math symbol since I think
you left one out. Proceed, with fingers crossed.

chapters/09.tex:301: Missing $ inserted.
<inserted text> 
                $
l.301 
      
I've inserted a begin-math/end-math symbol since I think
you left one out. Proceed, with fingers crossed.

chapters/09.tex:302: Missing $ inserted.
<inserted text> 
                $
l.302     desc_
               mode = "(at impact)"
I've inserted a begin-math/end-math symbol since I think
you left one out. Proceed, with fingers crossed.

chapters/09.tex:303: Missing $ inserted.
<inserted text> 
                $
l.303 
      
I've inserted a begin-math/end-math symbol since I think
you left one out. Proceed, with fingers crossed.

chapters/09.tex:304: You can't use `macro parameter character #' in vertical mode.
l.304     #
            INFO ON IMAGE (Added Newtons)
Sorry, but I'm not programmed to handle this case;
I'll just pretend that you didn't ask for it.
If you're in the wrong mode, you might be able to
return to the right one by typing `I}' or `I$' or `I\par'.

chapters/09.tex:305: Missing $ inserted.
<inserted text> 
                $
l.305     info_
               text = f"ACC: {val_acc:.1f} m/s2 | FORCE: {val_force_n:.0f} N...
I've inserted a begin-math/end-math symbol since I think
you left one out. Proceed, with fingers crossed.

chapters/09.tex:307: Missing $ inserted.
<inserted text> 
                $
l.307 
      
I've inserted a begin-math/end-math symbol since I think
you left one out. Proceed, with fingers crossed.


Overfull \hbox (70.42844pt too wide) in paragraph at lines 304--307
[]\T1/cmtt/m/n/7 INFO ON IMAGE (Added Newtons) info$[]\OML/cmm/m/it/7 ext \OT1/cmr/m/n/7 = \OML/cmm/m/it/7 f\OT1/cmr/m/n/7 "\OML/cmm/m/it/7 ACC \OT1/cmr/m/n/7 : []\OML/cmm/m/it/7 m=s\OT1/cmr/m/n/7 2\OMS/cmsy/m/n/7 j\OML/cmm/m/it/7 FORCE \OT1/cmr/m/n/7 : []\OML/cmm/m/it/7 N\OMS/cmsy/m/n/7 j\OML/cmm/m/it/7 ROTATION \OT1/cmr/m/n/7 :
 []


Overfull \hbox (98.62683pt too wide) in paragraph at lines 304--307
[]\OML/cmm/m/it/7 deg=s\OT1/cmr/m/n/7 "\OML/cmm/m/it/7 cv\OT1/cmr/m/n/7 2\OML/cmm/m/it/7 :putText\OT1/cmr/m/n/7 (\OML/cmm/m/it/7 image[]napshot; info[]ext; \OT1/cmr/m/n/7 (20\OML/cmm/m/it/7 ; \OT1/cmr/m/n/7 580)\OML/cmm/m/it/7 ; cv\OT1/cmr/m/n/7 2\OML/cmm/m/it/7 :FONT[]ERSHEY[]IMPLEX; \OT1/cmr/m/n/7 0\OML/cmm/m/it/7 :\OT1/cmr/m/n/7 6\OML/cmm/m/it/7 ; \OT1/cmr/m/n/7 (255\OML/cmm/m/it/7 ; \OT1/cmr/m/n/7 255\OML/cmm/m/it/7 ; \OT1/cmr/m/n/7 255)\OML/cmm/m/it/7 ; \OT1/cmr/m/n/7 2)$ 
 []

chapters/09.tex:308: Missing $ inserted.
<inserted text> 
                $
l.308     cv2.putText(image_
                            snapshot, f"HIT ANALYSIS {desc_mode}", (20, 550)...
I've inserted a begin-math/end-math symbol since I think
you left one out. Proceed, with fingers crossed.

chapters/09.tex:309: Missing $ inserted.
<inserted text> 
                $
l.309 
      
I've inserted a begin-math/end-math symbol since I think
you left one out. Proceed, with fingers crossed.


Overfull \hbox (101.13568pt too wide) in paragraph at lines 308--309
[]\T1/cmtt/m/n/7 cv2.putText(image$[]\OML/cmm/m/it/7 napshot; f\OT1/cmr/m/n/7 "\OML/cmm/m/it/7 HITANALYSIS[]\OT1/cmr/m/n/7 "\OML/cmm/m/it/7 ; \OT1/cmr/m/n/7 (20\OML/cmm/m/it/7 ; \OT1/cmr/m/n/7 550)\OML/cmm/m/it/7 ; cv\OT1/cmr/m/n/7 2\OML/cmm/m/it/7 :FONT[]ERSHEY[]IMPLEX; \OT1/cmr/m/n/7 0\OML/cmm/m/it/7 :\OT1/cmr/m/n/7 7\OML/cmm/m/it/7 ; \OT1/cmr/m/n/7 (0\OML/cmm/m/it/7 ; \OT1/cmr/m/n/7 255\OML/cmm/m/it/7 ; \OT1/cmr/m/n/7 0)\OML/cmm/m/it/7 ; \OT1/cmr/m/n/7 2)$ 
 []

chapters/09.tex:310: Missing $ inserted.
<inserted text> 
                $
l.310     cv2.imwrite(png_
                          filename, image_snapshot)
I've inserted a begin-math/end-math symbol since I think
you left one out. Proceed, with fingers crossed.

chapters/09.tex:311: Missing $ inserted.
<inserted text> 
                $
l.311 
      
I've inserted a begin-math/end-math symbol since I think
you left one out. Proceed, with fingers crossed.

chapters/09.tex:312: You can't use `macro parameter character #' in vertical mode.
l.312     #
            SAVE TO CSV (Added Force_N column)
Sorry, but I'm not programmed to handle this case;
I'll just pretend that you didn't ask for it.
If you're in the wrong mode, you might be able to
return to the right one by typing `I}' or `I$' or `I\par'.

chapters/09.tex:312: Missing $ inserted.
<inserted text> 
                $
l.312     # SAVE TO CSV (Added Force_
                                     N column)
I've inserted a begin-math/end-math symbol since I think
you left one out. Proceed, with fingers crossed.

chapters/09.tex:318: Missing $ inserted.
<inserted text> 
                $
l.318 
      
I've inserted a begin-math/end-math symbol since I think
you left one out. Proceed, with fingers crossed.


Overfull \hbox (43.23692pt too wide) in paragraph at lines 312--318
[]\T1/cmtt/m/n/7 SAVE TO CSV (Added Force$[]\OML/cmm/m/it/7 column\OT1/cmr/m/n/7 )\OML/cmm/m/it/7 file[]xists \OT1/cmr/m/n/7 = \OML/cmm/m/it/7 os:path:isfile\OT1/cmr/m/n/7 (\OML/cmm/m/it/7 CSV[]ILE\OT1/cmr/m/n/7 )\OML/cmm/m/it/7 withopen\OT1/cmr/m/n/7 (\OML/cmm/m/it/7 CSV[]ILE; mode \OT1/cmr/m/n/7 =[]
 []


Overfull \hbox (240.9055pt too wide) in paragraph at lines 312--318
\OML/cmm/m/it/7 a[]; newline \OT1/cmr/m/n/7 =[])\OML/cmm/m/it/7 asfile \OT1/cmr/m/n/7 : \OML/cmm/m/it/7 writer \OT1/cmr/m/n/7 = \OML/cmm/m/it/7 csv:writer\OT1/cmr/m/n/7 (\OML/cmm/m/it/7 file; delimiter \OT1/cmr/m/n/7 =[];[] )\OML/cmm/m/it/7 ifnotfile[]xists \OT1/cmr/m/n/7 : \OML/cmm/m/it/7 writer:writerow\OT1/cmr/m/n/7 (["\OML/cmm/m/it/7 Date\OT1/cmr/m/n/7 "\OML/cmm/m/it/7 ; \OT1/cmr/m/n/7 "\OML/cmm/m/it/7 Time\OT1/cmr/m/n/7 "\OML/cmm/m/it/7 ; \OT1/cmr/m/n/7 "\OML/cmm/m/it/7 Acc[]s\OT1/cmr/m/n/7 2"\OML/cmm/m/it/7 ; \OT1/cmr/m/n/7 "\OML/cmm/m/it/7 Force[]\OT1/cmr/m/n/7 "\OML/cmm/m/it/7 ; \OT1/cmr/m/n/7 "\OML/cmm/m/it/7 Rotation[]eg[]\OT1/cmr/m/n/7 "\OML/cmm/m/it/7 ; \OT1/cmr/m/n/7 "\OML/cmm/m/it/7 File\OT1/cmr/m/n/7 "])$ 
 []

chapters/09.tex:319: Missing $ inserted.
<inserted text> 
                $
l.319         date_
                   str = now.strftime("%Y-%m-%d")
I've inserted a begin-math/end-math symbol since I think
you left one out. Proceed, with fingers crossed.

chapters/09.tex:322: Missing $ inserted.
<inserted text> 
                $
l.322 
      
I've inserted a begin-math/end-math symbol since I think
you left one out. Proceed, with fingers crossed.


Overfull \hbox (222.96971pt too wide) in paragraph at lines 319--322
[]\T1/cmtt/m/n/7 date$[]\OML/cmm/m/it/7 tr \OT1/cmr/m/n/7 = \OML/cmm/m/it/7 now:strftime\OT1/cmr/m/n/7 ("\OML/cmm/m/it/7 time[]tr \OT1/cmr/m/n/7 = \OML/cmm/m/it/7 now:strftime\OT1/cmr/m/n/7 ("\OML/cmm/m/it/7 writer:writerow\OT1/cmr/m/n/7 ([\OML/cmm/m/it/7 date[]tr; time[]tr; f\OT1/cmr/m/n/7 "[]"\OML/cmm/m/it/7 ; f\OT1/cmr/m/n/7 "[]"\OML/cmm/m/it/7 ; f\OT1/cmr/m/n/7 "[]"\OML/cmm/m/it/7 ; png[]ilename\OT1/cmr/m/n/7 ])$ 
 []

chapters/09.tex:323: Missing $ inserted.
<inserted text> 
                $
l.323     print(f"SAVED: Acc: {val_
                                   acc:.1f}, Force: {val_force_n:.0f} N, Gyr...
I've inserted a begin-math/end-math symbol since I think
you left one out. Proceed, with fingers crossed.

chapters/09.tex:323: Extra }, or forgotten $.
l.323     print(f"SAVED: Acc: {val_acc:.1f}
                                           , Force: {val_force_n:.0f} N, Gyr...
I've deleted a group-closing symbol because it seems to be
spurious, as in `$x}$'. But perhaps the } is legitimate and
you forgot something else, as in `\hbox{$x}'. In such cases
the way to recover is to insert both the forgotten and the
deleted material, e.g., by typing `I$}'.

chapters/09.tex:324: Missing $ inserted.
<inserted text> 
                $
l.324 
      
I've inserted a begin-math/end-math symbol since I think
you left one out. Proceed, with fingers crossed.

chapters/09.tex:325: Missing $ inserted.
<inserted text> 
                $
l.325 def tcp_
              server_thread():
I've inserted a begin-math/end-math symbol since I think
you left one out. Proceed, with fingers crossed.

chapters/09.tex:330: Missing $ inserted.
<inserted text> 
                $
l.330 
      
I've inserted a begin-math/end-math symbol since I think
you left one out. Proceed, with fingers crossed.


Overfull \hbox (413.0071pt too wide) in paragraph at lines 325--330
[]\T1/cmtt/m/n/7 def tcp$[]\OML/cmm/m/it/7 erver[]hread\OT1/cmr/m/n/7 () : \OML/cmm/m/it/7 globalsensor[]ataserver[]ocket \OT1/cmr/m/n/7 = \OML/cmm/m/it/7 socket:socket\OT1/cmr/m/n/7 (\OML/cmm/m/it/7 socket:AF[]NET; socket:SOCK[]TREAM\OT1/cmr/m/n/7 )\OML/cmm/m/it/7 server[]ocket:setsockopt\OT1/cmr/m/n/7 (\OML/cmm/m/it/7 socket:SOL[]OCKET; socket:SO[]EUSEADDR; \OT1/cmr/m/n/7 1)\OML/cmm/m/it/7 last[]acket[]ime \OT1/cmr/m/n/7 =
 []

chapters/09.tex:332: Missing $ inserted.
<inserted text> 
                $
l.332         server_
                     socket.bind(('0.0.0.0', PORT))
I've inserted a begin-math/end-math symbol since I think
you left one out. Proceed, with fingers crossed.

chapters/09.tex:335: Missing $ inserted.
<inserted text> 
                $
l.335 
      
I've inserted a begin-math/end-math symbol since I think
you left one out. Proceed, with fingers crossed.


Overfull \hbox (54.45282pt too wide) in paragraph at lines 331--335
[]\T1/cmtt/m/n/7 try: server$[]\OML/cmm/m/it/7 ocket:bind\OT1/cmr/m/n/7 (([]0\OML/cmm/m/it/7 :\OT1/cmr/m/n/7 0\OML/cmm/m/it/7 :\OT1/cmr/m/n/7 0\OML/cmm/m/it/7 :\OT1/cmr/m/n/7 0[]\OML/cmm/m/it/7 ; PORT\OT1/cmr/m/n/7 ))\OML/cmm/m/it/7 server[]ocket:listen\OT1/cmr/m/n/7 (1)\OML/cmm/m/it/7 print\OT1/cmr/m/n/7 (\OML/cmm/m/it/7 f\OT1/cmr/m/n/7 "\OML/cmm/m/it/7 Serverlisteningonport[]:::\OT1/cmr/m/n/7 ")$ 
 []

chapters/09.tex:337: Missing $ inserted.
<inserted text> 
                $
l.337             conn, addr = server_
                                      socket.accept()
I've inserted a begin-math/end-math symbol since I think
you left one out. Proceed, with fingers crossed.

chapters/09.tex:341: Missing $ inserted.
<inserted text> 
                $
l.341 
      
I've inserted a begin-math/end-math symbol since I think
you left one out. Proceed, with fingers crossed.

chapters/09.tex:344: Missing $ inserted.
<inserted text> 
                $
l.344                         data_
                                   chunk = conn.recv(4096)
I've inserted a begin-math/end-math symbol since I think
you left one out. Proceed, with fingers crossed.

chapters/09.tex:348: Missing $ inserted.
<inserted text> 
                $
l.348 
      
I've inserted a begin-math/end-math symbol since I think
you left one out. Proceed, with fingers crossed.


Overfull \hbox (61.73169pt too wide) in paragraph at lines 342--348
[]\T1/cmtt/m/n/7 while True: try: data$[]\OML/cmm/m/it/7 hunk \OT1/cmr/m/n/7 = \OML/cmm/m/it/7 conn:recv\OT1/cmr/m/n/7 (4096)\OML/cmm/m/it/7 ifnotdata[]hunk \OT1/cmr/m/n/7 : \OML/cmm/m/it/7 breakbuffer\OT1/cmr/m/n/7 + = \OML/cmm/m/it/7 data[]hunk:decode\OT1/cmr/m/n/7 ([]\OML/cmm/m/it/7 utf \OMS/cmsy/m/n/7 ^^@
 []

chapters/09.tex:349: Undefined control sequence.
l.349                         while "\n
                                       " in buffer:
The control sequence at the end of the top line
of your error message was never \def'ed. If you have
misspelled it (e.g., `\hobx'), type `I' and the correct
spelling (e.g., `I\hbox'). Otherwise just continue,
and I'll forget about whatever was undefined.

chapters/09.tex:350: Undefined control sequence.
l.350 ...          line, buffer = buffer.split("\n
                                                  ", 1)
The control sequence at the end of the top line
of your error message was never \def'ed. If you have
misspelled it (e.g., `\hobx'), type `I' and the correct
spelling (e.g., `I\hbox'). Otherwise just continue,
and I'll forget about whatever was undefined.

chapters/09.tex:354: Missing $ inserted.
<inserted text> 
                $
l.354 ...          ax, ay, az = float(js.get("acc_
                                                  x", 0)), float(js.get("acc...
I've inserted a begin-math/end-math symbol since I think
you left one out. Proceed, with fingers crossed.

chapters/09.tex:356: Missing $ inserted.
<inserted text> 
                $
l.356 
      
I've inserted a begin-math/end-math symbol since I think
you left one out. Proceed, with fingers crossed.


Overfull \hbox (8.32294pt too wide) in paragraph at lines 349--356
[]\T1/cmtt/m/n/7 while "" in buffer: line, buffer = buffer.split("", 1) if not line.strip(): continue try:
 []


Overfull \hbox (86.1418pt too wide) in paragraph at lines 349--356
\T1/cmtt/m/n/7 js = json.loads(line) ax, ay, az = float(js.get("acc$[]\OT1/cmr/m/n/7 "\OML/cmm/m/it/7 ; \OT1/cmr/m/n/7 0))\OML/cmm/m/it/7 ; float\OT1/cmr/m/n/7 (\OML/cmm/m/it/7 js:get\OT1/cmr/m/n/7 ("\OML/cmm/m/it/7 acc[]\OT1/cmr/m/n/7 "\OML/cmm/m/it/7 ; \OT1/cmr/m/n/7 0))\OML/cmm/m/it/7 ; float\OT1/cmr/m/n/7 (\OML/cmm/m/it/7 js:get\OT1/cmr/m/n/7 ("\OML/cmm/m/it/7 acc[]\OT1/cmr/m/n/7 "\OML/cmm/m/it/7 ; \OT1/cmr/m/n/7 0))\OML/cmm/m/it/7 gx; gy; gz \OT1/cmr/m/n/7 =
 []

chapters/09.tex:360: Missing $ inserted.
<inserted text> 
                $
l.360                                 last_
                                           packet_time = now
I've inserted a begin-math/end-math symbol since I think
you left one out. Proceed, with fingers crossed.

chapters/09.tex:361: Missing $ inserted.
<inserted text> 
                $
l.361 
      
I've inserted a begin-math/end-math symbol since I think
you left one out. Proceed, with fingers crossed.

chapters/09.tex:362: You can't use `macro parameter character #' in vertical mode.
l.362                                 #
                                        1. Total Acceleration (a)
Sorry, but I'm not programmed to handle this case;
I'll just pretend that you didn't ask for it.
If you're in the wrong mode, you might be able to
return to the right one by typing `I}' or `I$' or `I\par'.

chapters/09.tex:363: Missing $ inserted.
<inserted text> 
                $
l.363                                 total_
                                            acc = math.sqrt(ax**2 + ay**2 + ...
I've inserted a begin-math/end-math symbol since I think
you left one out. Proceed, with fingers crossed.

chapters/09.tex:364: Missing $ inserted.
<inserted text> 
                $
l.364 
      
I've inserted a begin-math/end-math symbol since I think
you left one out. Proceed, with fingers crossed.

chapters/09.tex:365: You can't use `macro parameter character #' in vertical mode.
l.365                                 #
                                        2. Force (F = m*a)
Sorry, but I'm not programmed to handle this case;
I'll just pretend that you didn't ask for it.
If you're in the wrong mode, you might be able to
return to the right one by typing `I}' or `I$' or `I\par'.

chapters/09.tex:366: Missing $ inserted.
<inserted text> 
                $
l.366                                 force_
                                            n = total_acc * ESTIMATED_ARM_MASS
I've inserted a begin-math/end-math symbol since I think
you left one out. Proceed, with fingers crossed.

chapters/09.tex:367: Missing $ inserted.
<inserted text> 
                $
l.367 
      
I've inserted a begin-math/end-math symbol since I think
you left one out. Proceed, with fingers crossed.

chapters/09.tex:368: You can't use `macro parameter character #' in vertical mode.
l.368                                 #
                                        3. Total Rotation
Sorry, but I'm not programmed to handle this case;
I'll just pretend that you didn't ask for it.
If you're in the wrong mode, you might be able to
return to the right one by typing `I}' or `I$' or `I\par'.

chapters/09.tex:369: Missing $ inserted.
<inserted text> 
                $
l.369                                 total_
                                            gyro = math.sqrt(gx**2 + gy**2 +...
I've inserted a begin-math/end-math symbol since I think
you left one out. Proceed, with fingers crossed.

chapters/09.tex:370: Missing $ inserted.
<inserted text> 
                $
l.370 
      
I've inserted a begin-math/end-math symbol since I think
you left one out. Proceed, with fingers crossed.

chapters/09.tex:371: Missing $ inserted.
<inserted text> 
                $
l.371                                 sensor_
                                             data["acc_x"] = ax; sensor_data...
I've inserted a begin-math/end-math symbol since I think
you left one out. Proceed, with fingers crossed.

chapters/09.tex:374: Missing $ inserted.
<inserted text> 
                $
l.374 
      
I've inserted a begin-math/end-math symbol since I think
you left one out. Proceed, with fingers crossed.


Overfull \hbox (19.60286pt too wide) in paragraph at lines 371--374
[]\T1/cmtt/m/n/7 sensor$[]\OML/cmm/m/it/7 ata\OT1/cmr/m/n/7 ["\OML/cmm/m/it/7 acc[]\OT1/cmr/m/n/7 "] = \OML/cmm/m/it/7 ax\OT1/cmr/m/n/7 ; \OML/cmm/m/it/7 sensor[]ata\OT1/cmr/m/n/7 ["\OML/cmm/m/it/7 acc[]\OT1/cmr/m/n/7 "] = \OML/cmm/m/it/7 ay\OT1/cmr/m/n/7 ; \OML/cmm/m/it/7 sensor[]ata\OT1/cmr/m/n/7 ["\OML/cmm/m/it/7 acc[]\OT1/cmr/m/n/7 "] = \OML/cmm/m/it/7 azsensor[]ata\OT1/cmr/m/n/7 ["\OML/cmm/m/it/7 gyro[]\OT1/cmr/m/n/7 "] =
 []

chapters/09.tex:375: Missing $ inserted.
<inserted text> 
                $
l.375                                 history_
                                              acc.append(total_acc)
I've inserted a begin-math/end-math symbol since I think
you left one out. Proceed, with fingers crossed.

chapters/09.tex:376: You can't use `macro parameter character #' in math mode.
l.376 ...        history_force_n.append(force_n) #
                                                   Add to history
Sorry, but I'm not programmed to handle this case;
I'll just pretend that you didn't ask for it.
If you're in the wrong mode, you might be able to
return to the right one by typing `I}' or `I$' or `I\par'.

chapters/09.tex:378: Missing $ inserted.
<inserted text> 
                $
l.378 
      
I've inserted a begin-math/end-math symbol since I think
you left one out. Proceed, with fingers crossed.


Overfull \hbox (37.58704pt too wide) in paragraph at lines 375--378
[]\T1/cmtt/m/n/7 history$[]\OML/cmm/m/it/7 cc:append\OT1/cmr/m/n/7 (\OML/cmm/m/it/7 total[]cc\OT1/cmr/m/n/7 )\OML/cmm/m/it/7 history[]orce[]:append\OT1/cmr/m/n/7 (\OML/cmm/m/it/7 force[]\OT1/cmr/m/n/7 )\OML/cmm/m/it/7 Addtohistoryhistory[]yro:append\OT1/cmr/m/n/7 (\OML/cmm/m/it/7 total[]yro\OT1/cmr/m/n/7 )$ 
 []


Overfull \hbox (34.34778pt too wide) in paragraph at lines 379--383
[]\T1/cmtt/m/n/7 except json.JSONDecodeError: pass except Exception: break except Exception as e: print(f"Server
 []

chapters/09.tex:384: Missing $ inserted.
<inserted text> 
                $
l.384 def draw_
               graph(img, data, x_start, y_start, width, height, color, scal...
I've inserted a begin-math/end-math symbol since I think
you left one out. Proceed, with fingers crossed.

chapters/09.tex:388: Missing $ inserted.
<inserted text> 
                $
l.388 
      
I've inserted a begin-math/end-math symbol since I think
you left one out. Proceed, with fingers crossed.


Overfull \hbox (14.23503pt too wide) in paragraph at lines 384--388
[]\T1/cmtt/m/n/7 def draw$[]\OML/cmm/m/it/7 raph\OT1/cmr/m/n/7 (\OML/cmm/m/it/7 img; data; x[]tart; y[]tart; width; height; color; scale[]actor \OT1/cmr/m/n/7 = 2\OML/cmm/m/it/7 :\OT1/cmr/m/n/7 0\OML/cmm/m/it/7 ; title \OT1/cmr/m/n/7 = ""\OML/cmm/m/it/7 ; unit \OT1/cmr/m/n/7 =
 []


Overfull \hbox (182.39479pt too wide) in paragraph at lines 384--388
\OT1/cmr/m/n/7 ""\OML/cmm/m/it/7 ; grid[]tep \OT1/cmr/m/n/7 = 10) : \OML/cmm/m/it/7 cv\OT1/cmr/m/n/7 2\OML/cmm/m/it/7 :rectangle\OT1/cmr/m/n/7 (\OML/cmm/m/it/7 img; \OT1/cmr/m/n/7 (\OML/cmm/m/it/7 x[]tart; y[]tart\OT1/cmr/m/n/7 )\OML/cmm/m/it/7 ; \OT1/cmr/m/n/7 (\OML/cmm/m/it/7 x[]tart \OT1/cmr/m/n/7 + \OML/cmm/m/it/7 width; y[]tart \OT1/cmr/m/n/7 + \OML/cmm/m/it/7 height\OT1/cmr/m/n/7 )\OML/cmm/m/it/7 ; \OT1/cmr/m/n/7 (30\OML/cmm/m/it/7 ; \OT1/cmr/m/n/7 30\OML/cmm/m/it/7 ; \OT1/cmr/m/n/7 30)\OML/cmm/m/it/7 ; \OMS/cmsy/m/n/7 ^^@\OT1/cmr/m/n/7 1)\OML/cmm/m/it/7 cv\OT1/cmr/m/n/7 2\OML/cmm/m/it/7 :rectangle\OT1/cmr/m/n/7 (\OML/cmm/m/it/7 img; \OT1/cmr/m/n/7 (\OML/cmm/m/it/7 x[]tart; y[]tart\OT1/cmr/m/n/7 )\OML/cmm/m/it/7 ; \OT1/cmr/m/n/7 (\OML/cmm/m/it/7 x[]tart \OT1/cmr/m/n/7 +
 []

chapters/09.tex:389: Missing $ inserted.
<inserted text> 
                $
l.389     max_
              val_visible = int(height / scale_factor)
I've inserted a begin-math/end-math symbol since I think
you left one out. Proceed, with fingers crossed.

chapters/09.tex:396: Missing $ inserted.
<inserted text> 
                $
l.396 
      
I've inserted a begin-math/end-math symbol since I think
you left one out. Proceed, with fingers crossed.


Overfull \hbox (26.35808pt too wide) in paragraph at lines 389--396
\OML/cmm/m/it/7 base[]ine[] \OMS/cmsy/m/n/7 ^^@ \OML/cmm/m/it/7 int\OT1/cmr/m/n/7 (\OML/cmm/m/it/7 val \OMS/cmsy/m/n/7 ^^C \OML/cmm/m/it/7 scale[]actor\OT1/cmr/m/n/7 )\OML/cmm/m/it/7 ify[]os < y[]tart \OT1/cmr/m/n/7 : \OML/cmm/m/it/7 breakifval > \OT1/cmr/m/n/7 0 : \OML/cmm/m/it/7 cv\OT1/cmr/m/n/7 2\OML/cmm/m/it/7 :line\OT1/cmr/m/n/7 (\OML/cmm/m/it/7 img; \OT1/cmr/m/n/7 (\OML/cmm/m/it/7 x[]tart; y[]os\OT1/cmr/m/n/7 )\OML/cmm/m/it/7 ; \OT1/cmr/m/n/7 (\OML/cmm/m/it/7 x[]tart \OT1/cmr/m/n/7 +
 []


Overfull \hbox (124.40161pt too wide) in paragraph at lines 389--396
\OML/cmm/m/it/7 width; y[]os\OT1/cmr/m/n/7 )\OML/cmm/m/it/7 ; \OT1/cmr/m/n/7 (60\OML/cmm/m/it/7 ; \OT1/cmr/m/n/7 60\OML/cmm/m/it/7 ; \OT1/cmr/m/n/7 60)\OML/cmm/m/it/7 ; \OT1/cmr/m/n/7 1)\OML/cmm/m/it/7 cv\OT1/cmr/m/n/7 2\OML/cmm/m/it/7 :putText\OT1/cmr/m/n/7 (\OML/cmm/m/it/7 img; str\OT1/cmr/m/n/7 (\OML/cmm/m/it/7 val\OT1/cmr/m/n/7 )\OML/cmm/m/it/7 ; \OT1/cmr/m/n/7 (\OML/cmm/m/it/7 x[]tart \OT1/cmr/m/n/7 + 5\OML/cmm/m/it/7 ; y[]os \OMS/cmsy/m/n/7 ^^@ \OT1/cmr/m/n/7 2)\OML/cmm/m/it/7 ; cv\OT1/cmr/m/n/7 2\OML/cmm/m/it/7 :FONT[]ERSHEY[]IMPLEX; \OT1/cmr/m/n/7 0\OML/cmm/m/it/7 :\OT1/cmr/m/n/7 35\OML/cmm/m/it/7 ; \OT1/cmr/m/n/7 (150\OML/cmm/m/it/7 ; \OT1/cmr/m/n/7 150\OML/cmm/m/it/7 ; \OT1/cmr/m/n/7 150)\OML/cmm/m/it/7 ; \OT1/cmr/m/n/7 1)$ 
 []

chapters/09.tex:401: Missing $ inserted.
<inserted text> 
                $
l.401             x = x_
                        start + int(i * step)
I've inserted a begin-math/end-math symbol since I think
you left one out. Proceed, with fingers crossed.

chapters/09.tex:405: Missing $ inserted.
<inserted text> 
                $
l.405 
      
I've inserted a begin-math/end-math symbol since I think
you left one out. Proceed, with fingers crossed.


Overfull \hbox (8.32294pt too wide) in paragraph at lines 397--405
[]\T1/cmtt/m/n/7 points = [] if len(data) > 0: step = width / len(data) for i, value in enumerate(data): x
 []


Overfull \hbox (68.93054pt too wide) in paragraph at lines 397--405
\T1/cmtt/m/n/7 = x$[]\OML/cmm/m/it/7 tart \OT1/cmr/m/n/7 + \OML/cmm/m/it/7 int\OT1/cmr/m/n/7 (\OML/cmm/m/it/7 i \OMS/cmsy/m/n/7 ^^C \OML/cmm/m/it/7 step\OT1/cmr/m/n/7 )\OML/cmm/m/it/7 y \OT1/cmr/m/n/7 = \OML/cmm/m/it/7 base[]ine[] \OMS/cmsy/m/n/7 ^^@ \OML/cmm/m/it/7 int\OT1/cmr/m/n/7 (\OML/cmm/m/it/7 value \OMS/cmsy/m/n/7 ^^C \OML/cmm/m/it/7 scale[]actor\OT1/cmr/m/n/7 )\OML/cmm/m/it/7 y \OT1/cmr/m/n/7 = \OML/cmm/m/it/7 max\OT1/cmr/m/n/7 (\OML/cmm/m/it/7 y[]tart; min\OT1/cmr/m/n/7 (\OML/cmm/m/it/7 y; base[]ine[]\OT1/cmr/m/n/7 ))\OML/cmm/m/it/7 points:append\OT1/cmr/m/n/7 ((\OML/cmm/m/it/7 x; y\OT1/cmr/m/n/7 ))$ 
 []


Overfull \hbox (45.50128pt too wide) in paragraph at lines 406--408
[]\T1/cmtt/m/n/7 if len(points) > 1: cv2.polylines(img, [np.array(points)], isClosed=False, color=color, thickness=2) 
 []

chapters/09.tex:409: Missing $ inserted.
<inserted text> 
                $
l.409     cv2.putText(img, title, (x_
                                     start + 5, y_start + 20), cv2.FONT_HERS...
I've inserted a begin-math/end-math symbol since I think
you left one out. Proceed, with fingers crossed.

chapters/09.tex:412: Missing $ inserted.
<inserted text> 
                $
l.412 
      
I've inserted a begin-math/end-math symbol since I think
you left one out. Proceed, with fingers crossed.


Overfull \hbox (70.67197pt too wide) in paragraph at lines 409--412
[]\T1/cmtt/m/n/7 cv2.putText(img, title, (x$[]\OML/cmm/m/it/7 tart \OT1/cmr/m/n/7 + 5\OML/cmm/m/it/7 ; y[]tart \OT1/cmr/m/n/7 + 20)\OML/cmm/m/it/7 ; cv\OT1/cmr/m/n/7 2\OML/cmm/m/it/7 :FONT[]ERSHEY[]IMPLEX; \OT1/cmr/m/n/7 0\OML/cmm/m/it/7 :\OT1/cmr/m/n/7 5\OML/cmm/m/it/7 ; \OT1/cmr/m/n/7 (220\OML/cmm/m/it/7 ; \OT1/cmr/m/n/7 220\OML/cmm/m/it/7 ; \OT1/cmr/m/n/7 220)\OML/cmm/m/it/7 ; \OT1/cmr/m/n/7 1)\OML/cmm/m/it/7 ifdata \OT1/cmr/m/n/7 :
 []


Overfull \hbox (86.12798pt too wide) in paragraph at lines 409--412
\OML/cmm/m/it/7 cv\OT1/cmr/m/n/7 2\OML/cmm/m/it/7 :putText\OT1/cmr/m/n/7 (\OML/cmm/m/it/7 img; f\OT1/cmr/m/n/7 "[][]"\OML/cmm/m/it/7 ; \OT1/cmr/m/n/7 (\OML/cmm/m/it/7 x[]tart \OT1/cmr/m/n/7 + \OML/cmm/m/it/7 width \OMS/cmsy/m/n/7 ^^@ \OT1/cmr/m/n/7 120\OML/cmm/m/it/7 ; y[]tart \OT1/cmr/m/n/7 + 20)\OML/cmm/m/it/7 ; cv\OT1/cmr/m/n/7 2\OML/cmm/m/it/7 :FONT[]ERSHEY[]IMPLEX; \OT1/cmr/m/n/7 0\OML/cmm/m/it/7 :\OT1/cmr/m/n/7 6\OML/cmm/m/it/7 ; color; \OT1/cmr/m/n/7 2)$ 
 []

chapters/09.tex:414: Missing $ inserted.
<inserted text> 
                $
l.414     global shot_
                      trigger_time, waiting_for_snapshot_1, waiting_for_snap...
I've inserted a begin-math/end-math symbol since I think
you left one out. Proceed, with fingers crossed.

chapters/09.tex:416: Double subscript.
l.416     global peak_acc_current, peak_force_n_
                                                current, peak_gyro_current
I treat `x_1_2' essentially like `x_1{}_2'.

chapters/09.tex:417: Missing $ inserted.
<inserted text> 
                $
l.417 
      
I've inserted a begin-math/end-math symbol since I think
you left one out. Proceed, with fingers crossed.


Overfull \hbox (319.78757pt too wide) in paragraph at lines 413--417
[]\T1/cmtt/m/n/7 def main(): global shot$[]\OML/cmm/m/it/7 rigger[]ime; waiting[]or[]napshot[]; waiting[]or[]napshot[]globalsaved[]cc; saved[]orce[]; saved[]yroglobalpeak[]cc[]urrent; peak[]orce[][]urrent; peak[]yro[]urrent$ 
 []

chapters/09.tex:418: Missing $ inserted.
<inserted text> 
                $
l.418     threading.Thread(target=tcp_
                                      server_thread, daemon=True).start()
I've inserted a begin-math/end-math symbol since I think
you left one out. Proceed, with fingers crossed.

chapters/09.tex:419: Missing $ inserted.
<inserted text> 
                $
l.419 
      
I've inserted a begin-math/end-math symbol since I think
you left one out. Proceed, with fingers crossed.


Overfull \hbox (19.47644pt too wide) in paragraph at lines 420--423
[]\T1/cmtt/m/n/7 cv2.namedWindow("Hit Analysis") cv2.moveWindow("Hit Analysis", 400, 50) print("System ready.") 
 []

chapters/09.tex:426: Missing $ inserted.
<inserted text> 
                $
l.426         current_
                      time = time.time()
I've inserted a begin-math/end-math symbol since I think
you left one out. Proceed, with fingers crossed.

chapters/09.tex:428: Missing $ inserted.
<inserted text> 
                $
l.428 
      
I've inserted a begin-math/end-math symbol since I think
you left one out. Proceed, with fingers crossed.


Overfull \hbox (47.31097pt too wide) in paragraph at lines 424--428
[]\T1/cmtt/m/n/7 while True: window = np.zeros((600, 800, 3), dtype=np.uint8) current$[]\OML/cmm/m/it/7 ime \OT1/cmr/m/n/7 = \OML/cmm/m/it/7 time:time\OT1/cmr/m/n/7 ()\OML/cmm/m/it/7 is[]onnected \OT1/cmr/m/n/7 =
 []

[33]
chapters/09.tex:429: Missing $ inserted.
<inserted text> 
                $
l.429         if is_
                    connected:
I've inserted a begin-math/end-math symbol since I think
you left one out. Proceed, with fingers crossed.

chapters/09.tex:430: You can't use `macro parameter character #' in math mode.
l.430             #
                    HUD
Sorry, but I'm not programmed to handle this case;
I'll just pretend that you didn't ask for it.
If you're in the wrong mode, you might be able to
return to the right one by typing `I}' or `I$' or `I\par'.

chapters/09.tex:435: Missing $ inserted.
<inserted text> 
                $
l.435 
      
I've inserted a begin-math/end-math symbol since I think
you left one out. Proceed, with fingers crossed.


Overfull \hbox (665.05815pt too wide) in paragraph at lines 429--435
[]\T1/cmtt/m/n/7 if is$[]\OML/cmm/m/it/7 onnected \OT1/cmr/m/n/7 : \OML/cmm/m/it/7 HUDcv\OT1/cmr/m/n/7 2\OML/cmm/m/it/7 :rectangle\OT1/cmr/m/n/7 (\OML/cmm/m/it/7 window; \OT1/cmr/m/n/7 (10\OML/cmm/m/it/7 ; \OT1/cmr/m/n/7 10)\OML/cmm/m/it/7 ; \OT1/cmr/m/n/7 (240\OML/cmm/m/it/7 ; \OT1/cmr/m/n/7 590)\OML/cmm/m/it/7 ; \OT1/cmr/m/n/7 (20\OML/cmm/m/it/7 ; \OT1/cmr/m/n/7 20\OML/cmm/m/it/7 ; \OT1/cmr/m/n/7 20)\OML/cmm/m/it/7 ; \OMS/cmsy/m/n/7 ^^@\OT1/cmr/m/n/7 1)\OML/cmm/m/it/7 cv\OT1/cmr/m/n/7 2\OML/cmm/m/it/7 :rectangle\OT1/cmr/m/n/7 (\OML/cmm/m/it/7 window; \OT1/cmr/m/n/7 (10\OML/cmm/m/it/7 ; \OT1/cmr/m/n/7 10)\OML/cmm/m/it/7 ; \OT1/cmr/m/n/7 (240\OML/cmm/m/it/7 ; \OT1/cmr/m/n/7 590)\OML/cmm/m/it/7 ; \OT1/cmr/m/n/7 (100\OML/cmm/m/it/7 ; \OT1/cmr/m/n/7 100\OML/cmm/m/it/7 ; \OT1/cmr/m/n/7 100)\OML/cmm/m/it/7 ; \OT1/cmr/m/n/7 1)\OML/cmm/m/it/7 cv\OT1/cmr/m/n/7 2\OML/cmm/m/it/7 :circle\OT1/cmr/m/n/7 (\OML/cmm/m/it/7 window; \OT1/cmr/m/n/7 (30\OML/cmm/m/it/7 ; \OT1/cmr/m/n/7 40)\OML/cmm/m/it/7 ; \OT1/cmr/m/n/7 8\OML/cmm/m/it/7 ; \OT1/cmr/m/n/7 (0\OML/cmm/m/it/7 ; \OT1/cmr/m/n/7 255\OML/cmm/m/it/7 ; \OT1/cmr/m/n/7 0)\OML/cmm/m/it/7 ; \OMS/cmsy/m/n/7 ^^@\OT1/cmr/m/n/7 1)\OML/cmm/m/it/7 cv\OT1/cmr/m/n/7 2\OML/cmm/m/it/7 :putText\OT1/cmr/m/n/7 (\OML/cmm/m/it/7 window; \OT1/cmr/m/n/7 "\OML/cmm/m/it/7 ONLINE\OT1/cmr/m/n/7 "\OML/cmm/m/it/7 ; \OT1/cmr/m/n/7 (50\OML/cmm/m/it/7 ; \OT1/cmr/m/n/7 45)\OML/cmm/m/it/7 ; cv\OT1/cmr/m/n/7 2\OML/cmm/m/it/7 :FONT[]ERSHEY[]IMPLEX; \OT1/cmr/m/n/7 0\OML/cmm/m/it/7 :\OT1/cmr/m/n/7 6\OML/cmm/m/it/7 ; \OT1/cmr/m/n/7 (0\OML/cmm/m/it/7 ; \OT1/cmr/m/n/7 255\OML/cmm/m/it/7 ; \OT1/cmr/m/n/7 0)\OML/cmm/m/it/7 ; \OT1/cmr/m/n/7 2)$ 
 []

chapters/09.tex:436: Missing $ inserted.
<inserted text> 
                $
l.436             if waiting_
                             for_snapshot_1:
I've inserted a begin-math/end-math symbol since I think
you left one out. Proceed, with fingers crossed.

chapters/09.tex:440: Missing $ inserted.
<inserted text> 
                $
l.440 
      
I've inserted a begin-math/end-math symbol since I think
you left one out. Proceed, with fingers crossed.


Overfull \hbox (150.61009pt too wide) in paragraph at lines 436--440
[]\T1/cmtt/m/n/7 if waiting$[]\OML/cmm/m/it/7 or[]napshot[] \OT1/cmr/m/n/7 : \OML/cmm/m/it/7 curr[]cc \OT1/cmr/m/n/7 = \OML/cmm/m/it/7 history[]cc\OT1/cmr/m/n/7 [\OMS/cmsy/m/n/7 ^^@\OT1/cmr/m/n/7 1]\OML/cmm/m/it/7 ifhistory[]ccelse\OT1/cmr/m/n/7 0\OML/cmm/m/it/7 curr[]orce[] \OT1/cmr/m/n/7 = \OML/cmm/m/it/7 history[]orce[]\OT1/cmr/m/n/7 [\OMS/cmsy/m/n/7 ^^@\OT1/cmr/m/n/7 1]\OML/cmm/m/it/7 ifhistory[]orce[]else\OT1/cmr/m/n/7 0\OML/cmm/m/it/7 curr[]yro \OT1/cmr/m/n/7 =
 []

chapters/09.tex:441: Missing $ inserted.
<inserted text> 
                $
l.441                 if curr_
                              acc > peak_acc_current: peak_acc_current = cur...
I've inserted a begin-math/end-math symbol since I think
you left one out. Proceed, with fingers crossed.

chapters/09.tex:442: Double subscript.
l.442 ...          if curr_force_n > peak_force_n_
                                                  current: peak_force_n_curr...
I treat `x_1_2' essentially like `x_1{}_2'.

chapters/09.tex:442: Double subscript.
l.442 ...e_n > peak_force_n_current: peak_force_n_
                                                  current = curr_force_n
I treat `x_1_2' essentially like `x_1{}_2'.

chapters/09.tex:444: Missing $ inserted.
<inserted text> 
                $
l.444 
      
I've inserted a begin-math/end-math symbol since I think
you left one out. Proceed, with fingers crossed.


Overfull \hbox (8.25703pt too wide) in paragraph at lines 441--444
[]\T1/cmtt/m/n/7 if curr$[]\OML/cmm/m/it/7 cc > peak[]cc[]urrent \OT1/cmr/m/n/7 : \OML/cmm/m/it/7 peak[]cc[]urrent \OT1/cmr/m/n/7 = \OML/cmm/m/it/7 curr[]ccifcurr[]orce[] > peak[]orce[][]urrent \OT1/cmr/m/n/7 :
 []

chapters/09.tex:445: You can't use `macro parameter character #' in vertical mode.
l.445             #
                    HUD Display (Session Peak Values)
Sorry, but I'm not programmed to handle this case;
I'll just pretend that you didn't ask for it.
If you're in the wrong mode, you might be able to
return to the right one by typing `I}' or `I$' or `I\par'.

chapters/09.tex:446: Missing $ inserted.
<inserted text> 
                $
l.446             disp_
                       acc = peak_acc_current if waiting_for_snapshot_1 else...
I've inserted a begin-math/end-math symbol since I think
you left one out. Proceed, with fingers crossed.

chapters/09.tex:447: Double subscript.
l.447             disp_force_n = peak_force_n_
                                              current if waiting_for_snapsho...
I treat `x_1_2' essentially like `x_1{}_2'.

chapters/09.tex:449: Missing $ inserted.
<inserted text> 
                $
l.449 
      
I've inserted a begin-math/end-math symbol since I think
you left one out. Proceed, with fingers crossed.


Overfull \hbox (67.43729pt too wide) in paragraph at lines 445--449
[]\T1/cmtt/m/n/7 HUD Display (Session Peak Values) disp$[]\OML/cmm/m/it/7 cc \OT1/cmr/m/n/7 = \OML/cmm/m/it/7 peak[]cc[]urrentifwaiting[]or[]napshot[]elsesaved[]ccdisp[]orce[] \OT1/cmr/m/n/7 =
 []


Overfull \hbox (104.88443pt too wide) in paragraph at lines 445--449
\OML/cmm/m/it/7 peak[]orce[][]urrentifwaiting[]or[]napshot[]elsesaved[]orce[]disp[]yro \OT1/cmr/m/n/7 = \OML/cmm/m/it/7 peak[]yro[]urrentifwaiting[]or[]napshot[]elsesaved[]yro$ 
 []

chapters/09.tex:450: You can't use `macro parameter character #' in vertical mode.
l.450             #
                    1. ACCELERATION
Sorry, but I'm not programmed to handle this case;
I'll just pretend that you didn't ask for it.
If you're in the wrong mode, you might be able to
return to the right one by typing `I}' or `I$' or `I\par'.

chapters/09.tex:451: Missing $ inserted.
<inserted text> 
                $
l.451 ...(window, "MAX ACC:", (25, 100), cv2.FONT_
                                                  HERSHEY_SIMPLEX, 0.5, (200...
I've inserted a begin-math/end-math symbol since I think
you left one out. Proceed, with fingers crossed.

chapters/09.tex:454: Missing $ inserted.
<inserted text> 
                $
l.454 
      
I've inserted a begin-math/end-math symbol since I think
you left one out. Proceed, with fingers crossed.


Overfull \hbox (773.49135pt too wide) in paragraph at lines 450--454
[]\T1/cmtt/m/n/7 1. ACCELERATION cv2.putText(window, "MAX ACC:", (25, 100), cv2.FONT$[]\OML/cmm/m/it/7 ERSHEY[]IMPLEX; \OT1/cmr/m/n/7 0\OML/cmm/m/it/7 :\OT1/cmr/m/n/7 5\OML/cmm/m/it/7 ; \OT1/cmr/m/n/7 (200\OML/cmm/m/it/7 ; \OT1/cmr/m/n/7 200\OML/cmm/m/it/7 ; \OT1/cmr/m/n/7 200)\OML/cmm/m/it/7 ; \OT1/cmr/m/n/7 1)\OML/cmm/m/it/7 cv\OT1/cmr/m/n/7 2\OML/cmm/m/it/7 :putText\OT1/cmr/m/n/7 (\OML/cmm/m/it/7 window; f\OT1/cmr/m/n/7 "[]"\OML/cmm/m/it/7 ; \OT1/cmr/m/n/7 (25\OML/cmm/m/it/7 ; \OT1/cmr/m/n/7 145)\OML/cmm/m/it/7 ; cv\OT1/cmr/m/n/7 2\OML/cmm/m/it/7 :FONT[]ERSHEY[]IMPLEX; \OT1/cmr/m/n/7 1\OML/cmm/m/it/7 :\OT1/cmr/m/n/7 5\OML/cmm/m/it/7 ; \OT1/cmr/m/n/7 (0\OML/cmm/m/it/7 ; \OT1/cmr/m/n/7 0\OML/cmm/m/it/7 ; \OT1/cmr/m/n/7 255)\OML/cmm/m/it/7 ; \OT1/cmr/m/n/7 3)\OML/cmm/m/it/7 cv\OT1/cmr/m/n/7 2\OML/cmm/m/it/7 :putText\OT1/cmr/m/n/7 (\OML/cmm/m/it/7 window; \OT1/cmr/m/n/7 "\OML/cmm/m/it/7 m=s[]\OT1/cmr/m/n/7 "\OML/cmm/m/it/7 ; \OT1/cmr/m/n/7 (160\OML/cmm/m/it/7 ; \OT1/cmr/m/n/7 145)\OML/cmm/m/it/7 ; cv\OT1/cmr/m/n/7 2\OML/cmm/m/it/7 :FONT[]ERSHEY[]IMPLEX; \OT1/cmr/m/n/7 0\OML/cmm/m/it/7 :\OT1/cmr/m/n/7 6\OML/cmm/m/it/7 ; \OT1/cmr/m/n/7 (0\OML/cmm/m/it/7 ; \OT1/cmr/m/n/7 0\OML/cmm/m/it/7 ; \OT1/cmr/m/n/7 255)\OML/cmm/m/it/7 ; \OT1/cmr/m/n/7 1)$ 
 []

chapters/09.tex:455: You can't use `macro parameter character #' in vertical mode.
l.455             #
                    2. FORCE (NEWTONS) - NEW
Sorry, but I'm not programmed to handle this case;
I'll just pretend that you didn't ask for it.
If you're in the wrong mode, you might be able to
return to the right one by typing `I}' or `I$' or `I\par'.

chapters/09.tex:456: Missing $ inserted.
<inserted text> 
                $
l.456 ..."MAX FORCE (F=ma):", (25, 200), cv2.FONT_
                                                  HERSHEY_SIMPLEX, 0.5, (200...
I've inserted a begin-math/end-math symbol since I think
you left one out. Proceed, with fingers crossed.

chapters/09.tex:457: You can't use `macro parameter character #' in math mode.
l.457 ...HERSHEY_SIMPLEX, 1.5, (0, 165, 255), 3) #
                                                   Orange color
Sorry, but I'm not programmed to handle this case;
I'll just pretend that you didn't ask for it.
If you're in the wrong mode, you might be able to
return to the right one by typing `I}' or `I$' or `I\par'.

chapters/09.tex:459: Missing $ inserted.
<inserted text> 
                $
l.459 
      
I've inserted a begin-math/end-math symbol since I think
you left one out. Proceed, with fingers crossed.


Overfull \hbox (903.12871pt too wide) in paragraph at lines 455--459
[]\T1/cmtt/m/n/7 2. FORCE (NEWTONS) - NEW cv2.putText(window, "MAX FORCE (F=ma):", (25, 200), cv2.FONT$[]\OML/cmm/m/it/7 ERSHEY[]IMPLEX; \OT1/cmr/m/n/7 0\OML/cmm/m/it/7 :\OT1/cmr/m/n/7 5\OML/cmm/m/it/7 ; \OT1/cmr/m/n/7 (200\OML/cmm/m/it/7 ; \OT1/cmr/m/n/7 200\OML/cmm/m/it/7 ; \OT1/cmr/m/n/7 200)\OML/cmm/m/it/7 ; \OT1/cmr/m/n/7 1)\OML/cmm/m/it/7 cv\OT1/cmr/m/n/7 2\OML/cmm/m/it/7 :putText\OT1/cmr/m/n/7 (\OML/cmm/m/it/7 window; f\OT1/cmr/m/n/7 "[]"\OML/cmm/m/it/7 ; \OT1/cmr/m/n/7 (25\OML/cmm/m/it/7 ; \OT1/cmr/m/n/7 245)\OML/cmm/m/it/7 ; cv\OT1/cmr/m/n/7 2\OML/cmm/m/it/7 :FONT[]ERSHEY[]IMPLEX; \OT1/cmr/m/n/7 1\OML/cmm/m/it/7 :\OT1/cmr/m/n/7 5\OML/cmm/m/it/7 ; \OT1/cmr/m/n/7 (0\OML/cmm/m/it/7 ; \OT1/cmr/m/n/7 165\OML/cmm/m/it/7 ; \OT1/cmr/m/n/7 255)\OML/cmm/m/it/7 ; \OT1/cmr/m/n/7 3)\OML/cmm/m/it/7 Orangecolorcv\OT1/cmr/m/n/7 2\OML/cmm/m/it/7 :putText\OT1/cmr/m/n/7 (\OML/cmm/m/it/7 window; \OT1/cmr/m/n/7 "\OML/cmm/m/it/7 N\OT1/cmr/m/n/7 "\OML/cmm/m/it/7 ; \OT1/cmr/m/n/7 (160\OML/cmm/m/it/7 ; \OT1/cmr/m/n/7 245)\OML/cmm/m/it/7 ; cv\OT1/cmr/m/n/7 2\OML/cmm/m/it/7 :FONT[]ERSHEY[]IMPLEX; \OT1/cmr/m/n/7 0\OML/cmm/m/it/7 :\OT1/cmr/m/n/7 6\OML/cmm/m/it/7 ; \OT1/cmr/m/n/7 (0\OML/cmm/m/it/7 ; \OT1/cmr/m/n/7 165\OML/cmm/m/it/7 ; \OT1/cmr/m/n/7 255)\OML/cmm/m/it/7 ; \OT1/cmr/m/n/7 1)$ 
 []

chapters/09.tex:460: You can't use `macro parameter character #' in vertical mode.
l.460             #
                    3. ROTATION
Sorry, but I'm not programmed to handle this case;
I'll just pretend that you didn't ask for it.
If you're in the wrong mode, you might be able to
return to the right one by typing `I}' or `I$' or `I\par'.

chapters/09.tex:461: Missing $ inserted.
<inserted text> 
                $
l.461 ...ow, "MAX ROTATION:", (25, 300), cv2.FONT_
                                                  HERSHEY_SIMPLEX, 0.5, (200...
I've inserted a begin-math/end-math symbol since I think
you left one out. Proceed, with fingers crossed.

chapters/09.tex:464: Missing $ inserted.
<inserted text> 
                $
l.464 
      
I've inserted a begin-math/end-math symbol since I think
you left one out. Proceed, with fingers crossed.


Overfull \hbox (799.10909pt too wide) in paragraph at lines 460--464
[]\T1/cmtt/m/n/7 3. ROTATION cv2.putText(window, "MAX ROTATION:", (25, 300), cv2.FONT$[]\OML/cmm/m/it/7 ERSHEY[]IMPLEX; \OT1/cmr/m/n/7 0\OML/cmm/m/it/7 :\OT1/cmr/m/n/7 5\OML/cmm/m/it/7 ; \OT1/cmr/m/n/7 (200\OML/cmm/m/it/7 ; \OT1/cmr/m/n/7 200\OML/cmm/m/it/7 ; \OT1/cmr/m/n/7 200)\OML/cmm/m/it/7 ; \OT1/cmr/m/n/7 1)\OML/cmm/m/it/7 cv\OT1/cmr/m/n/7 2\OML/cmm/m/it/7 :putText\OT1/cmr/m/n/7 (\OML/cmm/m/it/7 window; f\OT1/cmr/m/n/7 "[]"\OML/cmm/m/it/7 ; \OT1/cmr/m/n/7 (25\OML/cmm/m/it/7 ; \OT1/cmr/m/n/7 345)\OML/cmm/m/it/7 ; cv\OT1/cmr/m/n/7 2\OML/cmm/m/it/7 :FONT[]ERSHEY[]IMPLEX; \OT1/cmr/m/n/7 1\OML/cmm/m/it/7 :\OT1/cmr/m/n/7 5\OML/cmm/m/it/7 ; \OT1/cmr/m/n/7 (255\OML/cmm/m/it/7 ; \OT1/cmr/m/n/7 0\OML/cmm/m/it/7 ; \OT1/cmr/m/n/7 255)\OML/cmm/m/it/7 ; \OT1/cmr/m/n/7 3)\OML/cmm/m/it/7 cv\OT1/cmr/m/n/7 2\OML/cmm/m/it/7 :putText\OT1/cmr/m/n/7 (\OML/cmm/m/it/7 window; \OT1/cmr/m/n/7 "\OML/cmm/m/it/7 deg=s\OT1/cmr/m/n/7 "\OML/cmm/m/it/7 ; \OT1/cmr/m/n/7 (160\OML/cmm/m/it/7 ; \OT1/cmr/m/n/7 345)\OML/cmm/m/it/7 ; cv\OT1/cmr/m/n/7 2\OML/cmm/m/it/7 :FONT[]ERSHEY[]IMPLEX; \OT1/cmr/m/n/7 0\OML/cmm/m/it/7 :\OT1/cmr/m/n/7 6\OML/cmm/m/it/7 ; \OT1/cmr/m/n/7 (255\OML/cmm/m/it/7 ; \OT1/cmr/m/n/7 0\OML/cmm/m/it/7 ; \OT1/cmr/m/n/7 255)\OML/cmm/m/it/7 ; \OT1/cmr/m/n/7 1)$ 
 []

chapters/09.tex:465: You can't use `macro parameter character #' in vertical mode.
l.465             #
                    GRAPHS (Now 3 pieces)
Sorry, but I'm not programmed to handle this case;
I'll just pretend that you didn't ask for it.
If you're in the wrong mode, you might be able to
return to the right one by typing `I}' or `I$' or `I\par'.

chapters/09.tex:466: You can't use `macro parameter character #' in horizontal mode.
l.466             #
                    1. ACCELERATION (Top, Red)
Sorry, but I'm not programmed to handle this case;
I'll just pretend that you didn't ask for it.
If you're in the wrong mode, you might be able to
return to the right one by typing `I}' or `I$' or `I\par'.

chapters/09.tex:467: Missing $ inserted.
<inserted text> 
                $
l.467             draw_
                       graph(window, list(history_acc), 260, 20, 520, 160, (...
I've inserted a begin-math/end-math symbol since I think
you left one out. Proceed, with fingers crossed.

chapters/09.tex:469: Missing $ inserted.
<inserted text> 
                $
l.469 
      
I've inserted a begin-math/end-math symbol since I think
you left one out. Proceed, with fingers crossed.


Overfull \hbox (136.3659pt too wide) in paragraph at lines 465--469
[]\T1/cmtt/m/n/7 GRAPHS (Now 3 pieces)  1. ACCELERATION (Top, Red) draw$[]\OML/cmm/m/it/7 raph\OT1/cmr/m/n/7 (\OML/cmm/m/it/7 window; list\OT1/cmr/m/n/7 (\OML/cmm/m/it/7 history[]cc\OT1/cmr/m/n/7 )\OML/cmm/m/it/7 ; \OT1/cmr/m/n/7 260\OML/cmm/m/it/7 ; \OT1/cmr/m/n/7 20\OML/cmm/m/it/7 ; \OT1/cmr/m/n/7 520\OML/cmm/m/it/7 ; \OT1/cmr/m/n/7 160\OML/cmm/m/it/7 ; \OT1/cmr/m/n/7 (0\OML/cmm/m/it/7 ; \OT1/cmr/m/n/7 0\OML/cmm/m/it/7 ; \OT1/cmr/m/n/7 255)\OML/cmm/m/it/7 ; scale[]actor \OT1/cmr/m/n/7 =
 []

chapters/09.tex:470: You can't use `macro parameter character #' in vertical mode.
l.470             #
                    2. FORCE N (Middle, Orange) - Smaller scale because valu...
Sorry, but I'm not programmed to handle this case;
I'll just pretend that you didn't ask for it.
If you're in the wrong mode, you might be able to
return to the right one by typing `I}' or `I$' or `I\par'.

chapters/09.tex:471: Missing $ inserted.
<inserted text> 
                $
l.471             draw_
                       graph(window, list(history_force_n), 260, 200, 520, 1...
I've inserted a begin-math/end-math symbol since I think
you left one out. Proceed, with fingers crossed.

chapters/09.tex:473: Missing $ inserted.
<inserted text> 
                $
l.473 
      
I've inserted a begin-math/end-math symbol since I think
you left one out. Proceed, with fingers crossed.


Overfull \hbox (19.47644pt too wide) in paragraph at lines 470--473
[]\T1/cmtt/m/n/7 2. FORCE N (Middle, Orange) - Smaller scale because values are large (e.g. 40g * 4kg = 160N)
 []

chapters/09.tex:474: You can't use `macro parameter character #' in vertical mode.
l.474             #
                    3. ROTATION (Bottom, Purple)
Sorry, but I'm not programmed to handle this case;
I'll just pretend that you didn't ask for it.
If you're in the wrong mode, you might be able to
return to the right one by typing `I}' or `I$' or `I\par'.

chapters/09.tex:475: Missing $ inserted.
<inserted text> 
                $
l.475             draw_
                       graph(window, list(history_gyro), 260, 380, 520, 160,...
I've inserted a begin-math/end-math symbol since I think
you left one out. Proceed, with fingers crossed.

chapters/09.tex:477: Missing $ inserted.
<inserted text> 
                $
l.477 
      
I've inserted a begin-math/end-math symbol since I think
you left one out. Proceed, with fingers crossed.


Overfull \hbox (75.09467pt too wide) in paragraph at lines 474--477
[]\T1/cmtt/m/n/7 3. ROTATION (Bottom, Purple) draw$[]\OML/cmm/m/it/7 raph\OT1/cmr/m/n/7 (\OML/cmm/m/it/7 window; list\OT1/cmr/m/n/7 (\OML/cmm/m/it/7 history[]yro\OT1/cmr/m/n/7 )\OML/cmm/m/it/7 ; \OT1/cmr/m/n/7 260\OML/cmm/m/it/7 ; \OT1/cmr/m/n/7 380\OML/cmm/m/it/7 ; \OT1/cmr/m/n/7 520\OML/cmm/m/it/7 ; \OT1/cmr/m/n/7 160\OML/cmm/m/it/7 ; \OT1/cmr/m/n/7 (255\OML/cmm/m/it/7 ; \OT1/cmr/m/n/7 0\OML/cmm/m/it/7 ; \OT1/cmr/m/n/7 255)\OML/cmm/m/it/7 ; scale[]actor \OT1/cmr/m/n/7 =
 []

chapters/09.tex:478: You can't use `macro parameter character #' in vertical mode.
l.478             #
                    --- HIT DETECTION ---
Sorry, but I'm not programmed to handle this case;
I'll just pretend that you didn't ask for it.
If you're in the wrong mode, you might be able to
return to the right one by typing `I}' or `I$' or `I\par'.

chapters/09.tex:479: Missing $ inserted.
<inserted text> 
                $
l.479             acc_
                      now = history_acc[-1] if history_acc else 0
I've inserted a begin-math/end-math symbol since I think
you left one out. Proceed, with fingers crossed.

chapters/09.tex:480: Missing $ inserted.
<inserted text> 
                $
l.480 
      
I've inserted a begin-math/end-math symbol since I think
you left one out. Proceed, with fingers crossed.

chapters/09.tex:481: Missing $ inserted.
<inserted text> 
                $
l.481             if acc_
                         now > THRESHOLD_HIT and not waiting_for_snapshot_1 ...
I've inserted a begin-math/end-math symbol since I think
you left one out. Proceed, with fingers crossed.

chapters/09.tex:483: You can't use `macro parameter character #' in math mode.
l.483                 #
                        Reset peaks at start of new session
Sorry, but I'm not programmed to handle this case;
I'll just pretend that you didn't ask for it.
If you're in the wrong mode, you might be able to
return to the right one by typing `I}' or `I$' or `I\par'.

chapters/09.tex:485: Double subscript.
l.485                 peak_force_n_
                                   current = acc_now * ESTIMATED_ARM_MASS
I treat `x_1_2' essentially like `x_1{}_2'.

chapters/09.tex:487: Missing $ inserted.
<inserted text> 
                $
l.487 
      
I've inserted a begin-math/end-math symbol since I think
you left one out. Proceed, with fingers crossed.


Overfull \hbox (56.29138pt too wide) in paragraph at lines 481--487
\OML/cmm/m/it/7 shot[]rigger[]ime \OT1/cmr/m/n/7 = \OML/cmm/m/it/7 current[]imeResetpeaksatstartofnewsessionpeak[]cc[]urrent \OT1/cmr/m/n/7 = \OML/cmm/m/it/7 acc[]owpeak[]orce[][]urrent \OT1/cmr/m/n/7 =
 []

chapters/09.tex:488: Missing $ inserted.
<inserted text> 
                $
l.488                 waiting_
                              for_snapshot_1 = True
I've inserted a begin-math/end-math symbol since I think
you left one out. Proceed, with fingers crossed.

chapters/09.tex:490: Missing $ inserted.
<inserted text> 
                $
l.490 
      
I've inserted a begin-math/end-math symbol since I think
you left one out. Proceed, with fingers crossed.

chapters/09.tex:491: You can't use `macro parameter character #' in vertical mode.
l.491             #
                    Snapshot 1 (MOMENT OF IMPACT)
Sorry, but I'm not programmed to handle this case;
I'll just pretend that you didn't ask for it.
If you're in the wrong mode, you might be able to
return to the right one by typing `I}' or `I$' or `I\par'.

chapters/09.tex:492: Missing $ inserted.
<inserted text> 
                $
l.492             if waiting_
                             for_snapshot_1 and (current_time - shot_trigger...
I've inserted a begin-math/end-math symbol since I think
you left one out. Proceed, with fingers crossed.

chapters/09.tex:493: Missing $ inserted.
<inserted text> 
                $
l.493 
      
I've inserted a begin-math/end-math symbol since I think
you left one out. Proceed, with fingers crossed.


Overfull \hbox (2.1144pt too wide) in paragraph at lines 491--493
[]\T1/cmtt/m/n/7 Snapshot 1 (MOMENT OF IMPACT) if waiting$[]\OML/cmm/m/it/7 or[]napshot[]and\OT1/cmr/m/n/7 (\OML/cmm/m/it/7 current[]ime \OMS/cmsy/m/n/7 ^^@ \OML/cmm/m/it/7 shot[]rigger[]ime >
 []

chapters/09.tex:494: Missing $ inserted.
<inserted text> 
                $
l.494                 hist_
                           a = list(history_acc)
I've inserted a begin-math/end-math symbol since I think
you left one out. Proceed, with fingers crossed.

chapters/09.tex:497: Missing $ inserted.
<inserted text> 
                $
l.497 
      
I've inserted a begin-math/end-math symbol since I think
you left one out. Proceed, with fingers crossed.

chapters/09.tex:498: Missing $ inserted.
<inserted text> 
                $
l.498                 if hist_
                              a:
I've inserted a begin-math/end-math symbol since I think
you left one out. Proceed, with fingers crossed.

chapters/09.tex:499: You can't use `macro parameter character #' in math mode.
l.499                     #
                            INTELLIGENT SEARCH FOR 2ND PEAK (Skipping swing)
Sorry, but I'm not programmed to handle this case;
I'll just pretend that you didn't ask for it.
If you're in the wrong mode, you might be able to
return to the right one by typing `I}' or `I$' or `I\par'.

chapters/09.tex:505: Missing $ inserted.
<inserted text> 
                $
l.505 
      
I've inserted a begin-math/end-math symbol since I think
you left one out. Proceed, with fingers crossed.


Overfull \hbox (89.9815pt too wide) in paragraph at lines 498--505
[]\T1/cmtt/m/n/7 if hist$[] \OT1/cmr/m/n/7 : \OML/cmm/m/it/7 INTELLIGENTSEARCHFOR\OT1/cmr/m/n/7 2\OML/cmm/m/it/7 NDPEAK\OT1/cmr/m/n/7 (\OML/cmm/m/it/7 Skippingswing\OT1/cmr/m/n/7 )\OML/cmm/m/it/7 peaks[]ndices \OT1/cmr/m/n/7 = []\OML/cmm/m/it/7 foriinrange\OT1/cmr/m/n/7 (1\OML/cmm/m/it/7 ; len\OT1/cmr/m/n/7 (\OML/cmm/m/it/7 hist[]\OT1/cmr/m/n/7 ) \OMS/cmsy/m/n/7 ^^@
 []

chapters/09.tex:506: Missing $ inserted.
<inserted text> 
                $
l.506                     impact_
                                 idx = 0
I've inserted a begin-math/end-math symbol since I think
you left one out. Proceed, with fingers crossed.

chapters/09.tex:509: You can't use `macro parameter character #' in math mode.
l.509 ...         candidates = peaks_indices[1:] #
                                                   Discard 1st peak (swing)
Sorry, but I'm not programmed to handle this case;
I'll just pretend that you didn't ask for it.
If you're in the wrong mode, you might be able to
return to the right one by typing `I}' or `I$' or `I\par'.

chapters/09.tex:510: You can't use `macro parameter character #' in math mode.
l.510 ...ax(candidates, key=lambda i: hist_a[i]) #
                                                   Highest of the rest
Sorry, but I'm not programmed to handle this case;
I'll just pretend that you didn't ask for it.
If you're in the wrong mode, you might be able to
return to the right one by typing `I}' or `I$' or `I\par'.

chapters/09.tex:515: Missing $ inserted.
<inserted text> 
                $
l.515 
      
I've inserted a begin-math/end-math symbol since I think
you left one out. Proceed, with fingers crossed.


Overfull \hbox (21.80397pt too wide) in paragraph at lines 506--515
\OT1/cmr/m/n/7 ]\OML/cmm/m/it/7 Discard\OT1/cmr/m/n/7 1\OML/cmm/m/it/7 stpeak\OT1/cmr/m/n/7 (\OML/cmm/m/it/7 swing\OT1/cmr/m/n/7 )\OML/cmm/m/it/7 impact[]dx \OT1/cmr/m/n/7 = \OML/cmm/m/it/7 max\OT1/cmr/m/n/7 (\OML/cmm/m/it/7 candidates; key \OT1/cmr/m/n/7 = \OML/cmm/m/it/7 lambdai \OT1/cmr/m/n/7 : \OML/cmm/m/it/7 hist[]\OT1/cmr/m/n/7 [\OML/cmm/m/it/7 i\OT1/cmr/m/n/7 ])\OML/cmm/m/it/7 Highestoftherestelse \OT1/cmr/m/n/7 :
 []

chapters/09.tex:516: You can't use `macro parameter character #' in vertical mode.
l.516                     #
                            --- GET VALUES FROM IMPACT POINT ---
Sorry, but I'm not programmed to handle this case;
I'll just pretend that you didn't ask for it.
If you're in the wrong mode, you might be able to
return to the right one by typing `I}' or `I$' or `I\par'.

chapters/09.tex:517: Missing $ inserted.
<inserted text> 
                $
l.517                     saved_
                                acc = hist_a[impact_idx]
I've inserted a begin-math/end-math symbol since I think
you left one out. Proceed, with fingers crossed.

chapters/09.tex:518: Missing $ inserted.
<inserted text> 
                $
l.518 
      
I've inserted a begin-math/end-math symbol since I think
you left one out. Proceed, with fingers crossed.

chapters/09.tex:519: Missing $ inserted.
<inserted text> 
                $
l.519                     if impact_
                                    idx < len(hist_f):
I've inserted a begin-math/end-math symbol since I think
you left one out. Proceed, with fingers crossed.

chapters/09.tex:522: Double subscript.
l.522 ...            saved_force_n = peak_force_n_
                                                  current
I treat `x_1_2' essentially like `x_1{}_2'.

chapters/09.tex:523: Missing $ inserted.
<inserted text> 
                $
l.523 
      
I've inserted a begin-math/end-math symbol since I think
you left one out. Proceed, with fingers crossed.


Overfull \hbox (30.84827pt too wide) in paragraph at lines 519--523
[]\T1/cmtt/m/n/7 if impact$[]\OML/cmm/m/it/7 dx < len\OT1/cmr/m/n/7 (\OML/cmm/m/it/7 hist[]\OT1/cmr/m/n/7 ) : \OML/cmm/m/it/7 saved[]orce[] \OT1/cmr/m/n/7 = \OML/cmm/m/it/7 hist[]\OT1/cmr/m/n/7 [\OML/cmm/m/it/7 impact[]dx\OT1/cmr/m/n/7 ]\OML/cmm/m/it/7 else \OT1/cmr/m/n/7 : \OML/cmm/m/it/7 saved[]orce[] \OT1/cmr/m/n/7 = \OML/cmm/m/it/7 peak[]orce[][]urrent$ 
 []

chapters/09.tex:524: Missing $ inserted.
<inserted text> 
                $
l.524                     if impact_
                                    idx < len(hist_g):
I've inserted a begin-math/end-math symbol since I think
you left one out. Proceed, with fingers crossed.

chapters/09.tex:528: Missing $ inserted.
<inserted text> 
                $
l.528 
      
I've inserted a begin-math/end-math symbol since I think
you left one out. Proceed, with fingers crossed.


Overfull \hbox (5.31226pt too wide) in paragraph at lines 524--528
[]\T1/cmtt/m/n/7 if impact$[]\OML/cmm/m/it/7 dx < len\OT1/cmr/m/n/7 (\OML/cmm/m/it/7 hist[]\OT1/cmr/m/n/7 ) : \OML/cmm/m/it/7 saved[]yro \OT1/cmr/m/n/7 = \OML/cmm/m/it/7 hist[]\OT1/cmr/m/n/7 [\OML/cmm/m/it/7 impact[]dx\OT1/cmr/m/n/7 ]\OML/cmm/m/it/7 else \OT1/cmr/m/n/7 : \OML/cmm/m/it/7 saved[]yro \OT1/cmr/m/n/7 = \OML/cmm/m/it/7 peak[]yro[]urrent$ 
 []

chapters/09.tex:529: You can't use `macro parameter character #' in vertical mode.
l.529                     #
                            Draw Line
Sorry, but I'm not programmed to handle this case;
I'll just pretend that you didn't ask for it.
If you're in the wrong mode, you might be able to
return to the right one by typing `I}' or `I$' or `I\par'.

chapters/09.tex:530: Missing $ inserted.
<inserted text> 
                $
l.530                     graph_
                                width = 520
I've inserted a begin-math/end-math symbol since I think
you left one out. Proceed, with fingers crossed.

chapters/09.tex:536: Missing $ inserted.
<inserted text> 
                $
l.536 
      
I've inserted a begin-math/end-math symbol since I think
you left one out. Proceed, with fingers crossed.


Overfull \hbox (122.43324pt too wide) in paragraph at lines 529--536
\OML/cmm/m/it/7 int\OT1/cmr/m/n/7 (\OML/cmm/m/it/7 impact[]dx \OMS/cmsy/m/n/7 ^^C \OML/cmm/m/it/7 step\OT1/cmr/m/n/7 )\OML/cmm/m/it/7 cv\OT1/cmr/m/n/7 2\OML/cmm/m/it/7 :line\OT1/cmr/m/n/7 (\OML/cmm/m/it/7 window; \OT1/cmr/m/n/7 (\OML/cmm/m/it/7 impact[]; \OT1/cmr/m/n/7 20)\OML/cmm/m/it/7 ; \OT1/cmr/m/n/7 (\OML/cmm/m/it/7 impact[]; \OT1/cmr/m/n/7 540)\OML/cmm/m/it/7 ; \OT1/cmr/m/n/7 (255\OML/cmm/m/it/7 ; \OT1/cmr/m/n/7 255\OML/cmm/m/it/7 ; \OT1/cmr/m/n/7 255)\OML/cmm/m/it/7 ; \OT1/cmr/m/n/7 1)\OML/cmm/m/it/7 cv\OT1/cmr/m/n/7 2\OML/cmm/m/it/7 :putText\OT1/cmr/m/n/7 (\OML/cmm/m/it/7 window; \OT1/cmr/m/n/7 "\OML/cmm/m/it/7 IMPACT\OT1/cmr/m/n/7 "\OML/cmm/m/it/7 ; \OT1/cmr/m/n/7 (\OML/cmm/m/it/7 impact[] \OT1/cmr/m/n/7 +
 []

chapters/09.tex:538: You can't use `macro parameter character #' in horizontal mode.
l.538                 #
                        Saving only this one image
Sorry, but I'm not programmed to handle this case;
I'll just pretend that you didn't ask for it.
If you're in the wrong mode, you might be able to
return to the right one by typing `I}' or `I$' or `I\par'.

chapters/09.tex:539: Missing $ inserted.
<inserted text> 
                $
l.539 ...            threading.Thread(target=save_
                                                  file, args=(saved_acc, sav...
I've inserted a begin-math/end-math symbol since I think
you left one out. Proceed, with fingers crossed.

chapters/09.tex:541: Missing $ inserted.
<inserted text> 
                $
l.541 
      
I've inserted a begin-math/end-math symbol since I think
you left one out. Proceed, with fingers crossed.


Overfull \hbox (13.19646pt too wide) in paragraph at lines 537--541
[]\T1/cmtt/m/n/7 snapshot = window.copy()  Saving only this one image threading.Thread(target=save$[]\OML/cmm/m/it/7 ile; args \OT1/cmr/m/n/7 =
 []

chapters/09.tex:542: You can't use `macro parameter character #' in vertical mode.
l.542             #
                    End of session (without saving second image)
Sorry, but I'm not programmed to handle this case;
I'll just pretend that you didn't ask for it.
If you're in the wrong mode, you might be able to
return to the right one by typing `I}' or `I$' or `I\par'.

chapters/09.tex:543: Missing $ inserted.
<inserted text> 
                $
l.543             if waiting_
                             for_snapshot_2 and (current_time - shot_trigger...
I've inserted a begin-math/end-math symbol since I think
you left one out. Proceed, with fingers crossed.

chapters/09.tex:545: Missing $ inserted.
<inserted text> 
                $
l.545 
      
I've inserted a begin-math/end-math symbol since I think
you left one out. Proceed, with fingers crossed.


Overfull \hbox (57.88191pt too wide) in paragraph at lines 542--545
[]\T1/cmtt/m/n/7 End of session (without saving second image) if waiting$[]\OML/cmm/m/it/7 or[]napshot[]and\OT1/cmr/m/n/7 (\OML/cmm/m/it/7 current[]ime \OMS/cmsy/m/n/7 ^^@ \OML/cmm/m/it/7 shot[]rigger[]ime >
 []

chapters/09.tex:546: Missing $ inserted.
<inserted text> 
                $
l.546             if waiting_
                             for_snapshot_1:
I've inserted a begin-math/end-math symbol since I think
you left one out. Proceed, with fingers crossed.

chapters/09.tex:548: Missing $ inserted.
<inserted text> 
                $
l.548 
      
I've inserted a begin-math/end-math symbol since I think
you left one out. Proceed, with fingers crossed.


Overfull \hbox (140.4165pt too wide) in paragraph at lines 546--548
[]\T1/cmtt/m/n/7 if waiting$[]\OML/cmm/m/it/7 or[]napshot[] \OT1/cmr/m/n/7 : \OML/cmm/m/it/7 cv\OT1/cmr/m/n/7 2\OML/cmm/m/it/7 :putText\OT1/cmr/m/n/7 (\OML/cmm/m/it/7 window; \OT1/cmr/m/n/7 "\OML/cmm/m/it/7 ANALYZING:::\OT1/cmr/m/n/7 "\OML/cmm/m/it/7 ; \OT1/cmr/m/n/7 (30\OML/cmm/m/it/7 ; \OT1/cmr/m/n/7 550)\OML/cmm/m/it/7 ; cv\OT1/cmr/m/n/7 2\OML/cmm/m/it/7 :FONT[]ERSHEY[]IMPLEX; \OT1/cmr/m/n/7 0\OML/cmm/m/it/7 :\OT1/cmr/m/n/7 8\OML/cmm/m/it/7 ; \OT1/cmr/m/n/7 (0\OML/cmm/m/it/7 ; \OT1/cmr/m/n/7 255\OML/cmm/m/it/7 ; \OT1/cmr/m/n/7 255)\OML/cmm/m/it/7 ; \OT1/cmr/m/n/7 2)$ 
 []

chapters/09.tex:550: Missing $ inserted.
<inserted text> 
                $
l.550 ...ndow, "WAITING...", (200, 300), cv2.FONT_
                                                  HERSHEY_SIMPLEX, 0.8, (0, ...
I've inserted a begin-math/end-math symbol since I think
you left one out. Proceed, with fingers crossed.

chapters/09.tex:551: Missing $ inserted.
<inserted text> 
                $
l.551 
      
I've inserted a begin-math/end-math symbol since I think
you left one out. Proceed, with fingers crossed.


Overfull \hbox (43.28445pt too wide) in paragraph at lines 549--551
[]\T1/cmtt/m/n/7 else: cv2.putText(window, "WAITING...", (200, 300), cv2.FONT$[]\OML/cmm/m/it/7 ERSHEY[]IMPLEX; \OT1/cmr/m/n/7 0\OML/cmm/m/it/7 :\OT1/cmr/m/n/7 8\OML/cmm/m/it/7 ; \OT1/cmr/m/n/7 (0\OML/cmm/m/it/7 ; \OT1/cmr/m/n/7 0\OML/cmm/m/it/7 ; \OT1/cmr/m/n/7 255)\OML/cmm/m/it/7 ; \OT1/cmr/m/n/7 2)$ 
 []

chapters/09.tex:553: Misplaced alignment tab character &.
l.553         if cv2.waitKey(20) &
                                   0xFF == ord('q'):
I can't figure out why you would want to use a tab mark
here. If you just want an ampersand, the remedy is
simple: Just type `I\&' now. But if some right brace
up above has ended a previous alignment prematurely,
you're probably due for more error messages, and you
might try typing `S' now just to see what is salvageable.

chapters/09.tex:558: Missing $ inserted.
<inserted text> 
                $
l.558 if _
          _name__ == "__main__":
I've inserted a begin-math/end-math symbol since I think
you left one out. Proceed, with fingers crossed.

chapters/09.tex:558: Missing { inserted.
<to be read again> 
                   _
l.558 if __
           name__ == "__main__":
A left brace was mandatory here, so I've put one in.
You might want to delete and/or insert some corrections
so that I will find a matching right brace soon.
(If you're confused by all this, try typing `I}' now.)

chapters/09.tex:558: Missing { inserted.
<to be read again> 
                   _
l.558 if __name__
                  == "__main__":
A left brace was mandatory here, so I've put one in.
You might want to delete and/or insert some corrections
so that I will find a matching right brace soon.
(If you're confused by all this, try typing `I}' now.)

chapters/09.tex:558: Missing { inserted.
<to be read again> 
                   _
l.558 if __name__ == "__
                        main__":
A left brace was mandatory here, so I've put one in.
You might want to delete and/or insert some corrections
so that I will find a matching right brace soon.
(If you're confused by all this, try typing `I}' now.)

chapters/09.tex:558: Missing { inserted.
<to be read again> 
                   _
l.558 if __name__ == "__main__
                              ":
A left brace was mandatory here, so I've put one in.
You might want to delete and/or insert some corrections
so that I will find a matching right brace soon.
(If you're confused by all this, try typing `I}' now.)


chapters/09.tex:560: LaTeX Error: \begin{document} ended by \end{lstlisting}.

See the LaTeX manual or LaTeX Companion for explanation.
Type  H <return>  for immediate help.
 ...                                              
                                                  
l.560 \end{lstlisting}
                      
Your command was ignored.
Type  I <command> <return>  to replace it with another command,
or  <return>  to continue without it.

chapters/09.tex:560: Missing } inserted.
<inserted text> 
                }
l.560 \end{lstlisting}
                      
I've inserted something that you may have forgotten.
(See the <inserted text> above.)
With luck, this will get me unwedged. But if you
really didn't forget anything, try typing `2' now; then
my insertion and my current dilemma will both disappear.

chapters/09.tex:560: Missing } inserted.
<inserted text> 
                }
l.560 \end{lstlisting}
                      
I've inserted something that you may have forgotten.
(See the <inserted text> above.)
With luck, this will get me unwedged. But if you
really didn't forget anything, try typing `2' now; then
my insertion and my current dilemma will both disappear.

chapters/09.tex:560: Missing } inserted.
<inserted text> 
                }
l.560 \end{lstlisting}
                      
I've inserted something that you may have forgotten.
(See the <inserted text> above.)
With luck, this will get me unwedged. But if you
really didn't forget anything, try typing `2' now; then
my insertion and my current dilemma will both disappear.

chapters/09.tex:560: Missing } inserted.
<inserted text> 
                }
l.560 \end{lstlisting}
                      
I've inserted something that you may have forgotten.
(See the <inserted text> above.)
With luck, this will get me unwedged. But if you
really didn't forget anything, try typing `2' now; then
my insertion and my current dilemma will both disappear.

chapters/09.tex:560: Missing $ inserted.
<inserted text> 
                $
l.560 \end{lstlisting}
                      
I've inserted something that you may have forgotten.
(See the <inserted text> above.)
With luck, this will get me unwedged. But if you
really didn't forget anything, try typing `2' now; then
my insertion and my current dilemma will both disappear.

chapters/09.tex:560: Missing } inserted.
<inserted text> 
                }
l.560 \end{lstlisting}
                      
I've inserted something that you may have forgotten.
(See the <inserted text> above.)
With luck, this will get me unwedged. But if you
really didn't forget anything, try typing `2' now; then
my insertion and my current dilemma will both disappear.

chapters/09.tex:560: Missing } inserted.
<inserted text> 
                }
l.560 \end{lstlisting}
                      
I've inserted something that you may have forgotten.
(See the <inserted text> above.)
With luck, this will get me unwedged. But if you
really didn't forget anything, try typing `2' now; then
my insertion and my current dilemma will both disappear.

chapters/09.tex:560: Missing } inserted.
<inserted text> 
                }
l.560 \end{lstlisting}
                      
I've inserted something that you may have forgotten.
(See the <inserted text> above.)
With luck, this will get me unwedged. But if you
really didn't forget anything, try typing `2' now; then
my insertion and my current dilemma will both disappear.

) (chapters/10.tex
chapters/10.tex:1: Undefined control sequence.
l.1 \chapter
            {List of additional files in~electronic submission}
The control sequence at the end of the top line
of your error message was never \def'ed. If you have
misspelled it (e.g., `\hobx'), type `I' and the correct
spelling (e.g., `I\hbox'). Otherwise just continue,
and I'll forget about whatever was undefined.

[34]) [35] [36] (grammarly.aux)
 ***********
LaTeX2e <2023-11-01> patch level 1
L3 programming layer <2024-01-04>
 ***********


LaTeX Warning: There were undefined references.


LaTeX Warning: Label(s) may have changed. Rerun to get cross-references right.

 )
(\end occurred inside a group at level 1)

### simple group (level 1) entered at line 107 ({)
### bottom level 
Here is how much of TeX's memory you used:
 879 strings out of 474485
 15669 string characters out of 5743733
 1951542 words of memory out of 5000000
 23179 multiletter control sequences out of 15000+600000
 568782 words of font info for 59 fonts, out of 8000000 for 9000
 1141 hyphenation exceptions out of 8191
 35i,11n,50p,1061b,349s stack positions out of 10000i,1000n,20000p,200000b,200000s
 <C:\Users\saras\AppData\Local\MiKTeX\fonts/pk/ljfour/jknappen/ec/dpi525\ectt0800.pk> <C:\Users\saras\AppData\Local\MiKTeX\fonts/pk/ljfour/jknappen/ec/dpi600\ectt0800.pk> <C:\Users\saras\AppData\Local\MiKTeX\fonts/pk/ljfour/jknappen/ec/dpi600\ectt0900.pk> <C:\Users\saras\AppData\Local\MiKTeX\fonts/pk/ljfour/jknappen/ec/dpi600\ecit1000.pk> <C:\Users\saras\AppData\Local\MiKTeX\fonts/pk/ljfour/jknappen/ec/dpi600\ectt1000.pk> <C:\Users\saras\AppData\Local\MiKTeX\fonts/pk/ljfour/jknappen/ec/dpi600\ecti1000.pk> <C:\Users\saras\AppData\Local\MiKTeX\fonts/pk/ljfour/jknappen/ec/dpi600\ecbx1200.pk> <C:\Users\saras\AppData\Local\MiKTeX\fonts/pk/ljfour/jknappen/ec/dpi600\tcrm1000.pk> <C:\Users\saras\AppData\Local\MiKTeX\fonts/pk/ljfour/jknappen/ec/dpi600\ecbx1440.pk> <C:\Users\saras\AppData\Local\MiKTeX\fonts/pk/ljfour/jknappen/ec/dpi600\ecrm1000.pk> <C:\Users\saras\AppData\Local\MiKTeX\fonts/pk/ljfour/jknappen/ec/dpi600\ecbx1000.pk><C:/Users/saras/AppData/Local/Programs/MiKTeX/fonts/type1/public/amsfonts/cm/cmex10.pfb><C:/Users/saras/AppData/Local/Programs/MiKTeX/fonts/type1/public/amsfonts/cm/cmmi10.pfb><C:/Users/saras/AppData/Local/Programs/MiKTeX/fonts/type1/public/amsfonts/cm/cmmi5.pfb><C:/Users/saras/AppData/Local/Programs/MiKTeX/fonts/type1/public/amsfonts/cm/cmmi6.pfb><C:/Users/saras/AppData/Local/Programs/MiKTeX/fonts/type1/public/amsfonts/cm/cmmi7.pfb><C:/Users/saras/AppData/Local/Programs/MiKTeX/fonts/type1/public/amsfonts/cm/cmmi8.pfb><C:/Users/saras/AppData/Local/Programs/MiKTeX/fonts/type1/public/amsfonts/cm/cmmi9.pfb><C:/Users/saras/AppData/Local/Programs/MiKTeX/fonts/type1/public/amsfonts/cm/cmr10.pfb><C:/Users/saras/AppData/Local/Programs/MiKTeX/fonts/type1/public/amsfonts/cm/cmr5.pfb><C:/Users/saras/AppData/Local/Programs/MiKTeX/fonts/type1/public/amsfonts/cm/cmr7.pfb><C:/Users/saras/AppData/Local/Programs/MiKTeX/fonts/type1/public/amsfonts/cm/cmr8.pfb><C:/Users/saras/AppData/Local/Programs/MiKTeX/fonts/type1/public/amsfonts/cm/cmr9.pfb><C:/Users/saras/AppData/Local/Programs/MiKTeX/fonts/type1/public/amsfonts/cm/cmsy10.pfb><C:/Users/saras/AppData/Local/Programs/MiKTeX/fonts/type1/public/amsfonts/cm/cmsy5.pfb><C:/Users/saras/AppData/Local/Programs/MiKTeX/fonts/type1/public/amsfonts/cm/cmsy7.pfb><C:/Users/saras/AppData/Local/Programs/MiKTeX/fonts/type1/public/amsfonts/cm/cmsy8.pfb><C:/Users/saras/AppData/Local/Programs/MiKTeX/fonts/type1/public/amsfonts/cm/cmsy9.pfb>
Output written on grammarly.pdf (36 pages, 502335 bytes).
PDF statistics:
 800 PDF objects out of 1000 (max. 8388607)
 0 named destinations out of 1000 (max. 500000)
 1 words of extra memory for PDF output out of 10000 (max. 10000000)

